id_ev;sesgo;sexo;tamano;comentario_ex;comentario
57_8;0;0;3;Masculino. plazo limitado para las entregas y nula retroalimentacion que pueda ayudar a la asignatura;plazo limitado para las entregas y nula retroalimentacion que pueda ayudar a la asignatura
76_3;0;0;3;Masculino. mas enfasis en explicar el por que se hace cada paso o procedimiento pues es una materia confusa;mas enfasis en explicar el por que se hace cada paso o procedimiento pues es una materia confusa
88_7;0;0;3;Masculino. docente demuestra tener dominio y manejo de actividades enseÃ±adas;docente demuestra tener dominio y manejo de actividades enseÃ±adas
109_4;0;0;3;Masculino. entregar la rubrica antes de la evaluacion y tener las notas a tiempo;entregar la rubrica antes de la evaluacion y tener las notas a tiempo
106_3;0;0;3;Masculino. deberia ir un poco mas lento con la materia y priorizar el entendimiento de esta durante su clase;deberia ir un poco mas lento con la materia y priorizar el entendimiento de esta durante su clase
122_3;0;0;3;Masculino. buena metodo a la hora de enfrentarse al contenido. con una parte teorica y otra practica a traves de un proyecto que nos permite desarrollar y proponer sistemas constructivos capaces de responder a las necesidades constructivas de una vivienda;buena metodo a la hora de enfrentarse al contenido. con una parte teorica y otra practica a traves de un proyecto que nos permite desarrollar y proponer sistemas constructivos capaces de responder a las necesidades constructivas de una vivienda
67_4;0;0;3;Masculino. que sus preguntas sean de acuerdo a lo aprendido o de material entregado;que sus preguntas sean de acuerdo a lo aprendido o de material entregado
119_7;0;0;3;Masculino. profesor preocupado de hacer entender esta compleja materia al curso;profesor preocupado de hacer entender esta compleja materia al curso
27_3;0;0;3;Masculino. lo unico que recomendaria al profesor es que si pudiese entregar los certamenes a tiempo;lo unico que recomendaria al profesor es que si pudiese entregar los certamenes a tiempo
91_4;0;0;3;Masculino. que las evaluaciones a medida que van entregando las notas las vallan subiendo a la plataforma estudiantil por algo la crearon .suben todas las notas al final del semestre;que las evaluaciones a medida que van entregando las notas las vallan subiendo a la plataforma estudiantil por algo la crearon .suben todas las notas al final del semestre
75_8;0;0;3;Masculino. tiende a llevar la clase a donde el estima que es correspondiente y el contenido tiende a postergarlo;tiende a llevar la clase a donde el estima que es correspondiente y el contenido tiende a postergarlo
17_4;0;0;3;Masculino. buena disposicion y entrega los conocimientos requeridos cuando se le consulta;buena disposicion y entrega los conocimientos requeridos cuando se le consulta
4_8;0;0;3;Masculino. profesor no entrega notas del primer certamen aun despues de salir de vocaciones;profesor no entrega notas del primer certamen aun despues de salir de vocaciones
101_4;0;0;3;Masculino. falta una mayor claridad y un trabajo mas metodico en la sala de clases;falta una mayor claridad y un trabajo mas metodico en la sala de clases
55_3;0;0;3;Masculino. explica los contenidos de la asignatura de una forma poco detallada;explica los contenidos de la asignatura de una forma poco detallada
139_7;0;0;3;Masculino. excelente profesor dispuesto a entregar todo el conocimiento que se requiere en el ramo;excelente profesor dispuesto a entregar todo el conocimiento que se requiere en el ramo
144_8;0;0;3;Masculino. explica la materia de manera clara y con ejemplos adecuados. buen profesor;explica la materia de manera clara y con ejemplos adecuados. buen profesor
71_7;0;0;3;Masculino. muy mala metodologia de evaluacion para la cantidad de material a evaluar;muy mala metodologia de evaluacion para la cantidad de material a evaluar
69_2;0;0;3;Masculino. deberia ajustarse a los plazos de entrega de notas de acuerdo con el reglamento;deberia ajustarse a los plazos de entrega de notas de acuerdo con el reglamento
106_8;0;0;3;Masculino. su forma de enseÃ±arnos y la motivacion que demuestra al hacer las clases;su forma de enseÃ±arnos y la motivacion que demuestra al hacer las clases
3_6;0;0;3;Masculino. un profesor que te entrega la motivacion necesaria para aprender sobre el ramo;un profesor que te entrega la motivacion necesaria para aprender sobre el ramo
92_7;0;0;3;Masculino. por ser part-time es muy dificil encontrarlo a la hora de consultar dudas y entrega calificaciones fuera de plazo;por ser part-time es muy dificil encontrarlo a la hora de consultar dudas y entrega calificaciones fuera de plazo
147_4;0;0;3;Masculino. es un buen profesor. es muy didactico y utiliza distintos metodos de enseñanza;es un buen profesor. es muy didactico y utiliza distintos metodos de enseñanza
3_4;0;0;3;Masculino. siempre tuvo la preocupacion de que cada estudiante pudiera aprender;siempre tuvo la preocupacion de que cada estudiante pudiera aprender
136_3;0;0;3;Masculino. es el primer profesor que entrega las notas al par de dias de la evaluacion;es el primer profesor que entrega las notas al par de dias de la evaluacion
123_3;0;0;3;Masculino. las calificaciones deberian ser informadas en los plazos establecidos reglamentariamente. las pautas de evaluacion deberian ser informadas en alguna de las clases previas a dicha evaluacion;las calificaciones deberian ser informadas en los plazos establecidos reglamentariamente. las pautas de evaluacion deberian ser informadas en alguna de las clases previas a dicha evaluacion
109_7;0;0;3;Masculino. profesor con un gran manejo del ramo y de todos los conocimientos nada que imparte;profesor con un gran manejo del ramo y de todos los conocimientos nada que imparte
124_7;0;0;3;Masculino. se recomienda que lo visto en clases tenga un poco de relacion con lo que se evaluara;se recomienda que lo visto en clases tenga un poco de relacion con lo que se evaluara
48_4;0;0;3;Masculino. es muy impuntual a la hora de entregar las notas y es poco comprensible;es muy impuntual a la hora de entregar las notas y es poco comprensible
100_3;0;0;3;Masculino. mejorar considerablemente su caligrafia y permitir explicar primero y luego dar tiempo a anotar en el cuaderno;mejorar considerablemente su caligrafia y permitir explicar primero y luego dar tiempo a anotar en el cuaderno
120_1;0;0;3;Masculino. no realiza retroalimentacion tras las malas calificaciones del primer certamen;no realiza retroalimentacion tras las malas calificaciones del primer certamen
52_1;0;0;3;Masculino. el profesor logro que pese a que no me entusiasmase mucho en un principio la asignatura;el profesor logro que pese a que no me entusiasmase mucho en un principio la asignatura
30_3;0;0;3;Masculino. daberian ocupar mas materiales reciclables para no gastar tanto dinero;daberian ocupar mas materiales reciclables para no gastar tanto dinero
10_6;0;0;3;Masculino. mejorar materias de apoyo y cambiar modalidad de hacer las clases;mejorar materias de apoyo y cambiar modalidad de hacer las clases
98_2;0;0;3;Masculino. nada mas que agregar me gusto mucho la forma de enseñar que tiene;nada mas que agregar me gusto mucho la forma de enseñar que tiene
136_2;0;0;3;Masculino. mejorar disposicion en las consultas y en el ultimo mes se iba antes de que terminara su horario de consulta;mejorar disposicion en las consultas y en el ultimo mes se iba antes de que terminara su horario de consulta
128_4;0;0;3;Masculino. crea un ambiente agradable en la clase y maneja bien los contenidos;crea un ambiente agradable en la clase y maneja bien los contenidos
76_8;0;0;3;Masculino. el profesor nunca asistio a impartir las clases me presente durante mas de 5 semanas pero nunca llego;el profesor nunca asistio a impartir las clases me presente durante mas de 5 semanas pero nunca llego
52_7;0;0;3;Masculino. aunque no me fue muy bien sus clases fueron claras y aprendi mucho siga asi nomas;aunque no me fue muy bien sus clases fueron claras y aprendi mucho siga asi nomas
32_7;0;0;3;Masculino. docente con mucho manejo del contenido y experiencia. un poco acelerado para hacer las clases;docente con mucho manejo del contenido y experiencia. un poco acelerado para hacer las clases
81_4;0;0;3;Masculino. mi sugerencia seria mas claridad de normas en sala desde el dia uno. con participacion tanto suya como de las alumnas en las tomas de aquellas;mi sugerencia seria mas claridad de normas en sala desde el dia uno. con participacion tanto suya como de las alumnas en las tomas de aquellas
88_4;0;0;3;Masculino. tratar de comprender mas a los estudiantes cuando le quieren expresar algo en los examenes escritos;tratar de comprender mas a los estudiantes cuando le quieren expresar algo en los examenes escritos
44_7;0;0;3;Masculino. el profesor alvaro es un gran docente. gracias a el aprendi a tener mas confianza en mis conocimientos;el profesor alvaro es un gran docente. gracias a el aprendi a tener mas confianza en mis conocimientos
119_2;0;0;3;Masculino. profesor con buena entrega de contenido y metodos para resolver dudas en las actividades o trabajos;profesor con buena entrega de contenido y metodos para resolver dudas en las actividades o trabajos
57_3;0;0;3;Masculino. criterio de evaluacion muy desequilibrado en relacion a lo que se expone en clases. deberia haber un equilibrio en las evaluaciones desarrolladas;criterio de evaluacion muy desequilibrado en relacion a lo que se expone en clases. deberia haber un equilibrio en las evaluaciones desarrolladas
151_7;0;0;3;Masculino. utilizar otros metodos de evaluacion. preguntar por la materia en general para que asi no pase solo el que se aprendio de memoria un ejercicio en concreto;utilizar otros metodos de evaluacion. preguntar por la materia en general para que asi no pase solo el que se aprendio de memoria un ejercicio en concreto
18_6;0;0;3;Masculino. respecto a la bibliografia basica. el mismo nos entrego los documentos que requeriamos para efectos de evaluacion e investigacion propia de la asignatura;respecto a la bibliografia basica. el mismo nos entrego los documentos que requeriamos para efectos de evaluacion e investigacion propia de la asignatura
15_8;0;0;3;Masculino. mi sugerencia es abordar un poco mas la alimentacion de los deportistas;mi sugerencia es abordar un poco mas la alimentacion de los deportistas
19_2;0;0;3;Masculino. falta pedagogia para saber transmitir conocimientos. no se le entiende en clase;falta pedagogia para saber transmitir conocimientos. no se le entiende en clase
136_7;0;0;3;Masculino. ser mas paciente y no olvidar que nosotros como estudiantes no tenemos sus conocimientos;ser mas paciente y no olvidar que nosotros como estudiantes no tenemos sus conocimientos
133_3;0;0;3;Masculino. de ser posible reservar y utilizar el laboratorio para aplicar las herramientas de analisis en conjunto para luego interpretar los resultados;de ser posible reservar y utilizar el laboratorio para aplicar las herramientas de analisis en conjunto para luego interpretar los resultados
61_4;0;0;3;Masculino. usar el nombre mas simple para recordar los tipos de articulaciones o algunas patologias podria facilitar el aprendizaje;usar el nombre mas simple para recordar los tipos de articulaciones o algunas patologias podria facilitar el aprendizaje
15_4;0;0;3;Masculino. profesor relaciona contenidos con fenomenos de la vida cotidiana haciendo mas comprensible el contenido;profesor relaciona contenidos con fenomenos de la vida cotidiana haciendo mas comprensible el contenido
49_8;0;0;3;Masculino. es ilogico enviarnos casos para la casa sin haber pasado la materia primero. muy mala practica;es ilogico enviarnos casos para la casa sin haber pasado la materia primero. muy mala practica
66_4;0;0;3;Masculino. cambiar metodos de evaluacion para que realmente evaluen lo enseñado;cambiar metodos de evaluacion para que realmente evaluen lo enseñado
127_2;0;0;3;Masculino. debe ser mas proactivo en la realizacion del taller y en la organizacion de este;debe ser mas proactivo en la realizacion del taller y en la organizacion de este
137_8;0;0;3;Masculino. buen docente con gran disponibilidad para responder cualquier duda en relacion a los contenidos o la carrera;buen docente con gran disponibilidad para responder cualquier duda en relacion a los contenidos o la carrera
2_4;0;0;3;Masculino. deberia ocupar plumon tinta gruesa ya que el que ocupa apenas se veia;deberia ocupar plumon tinta gruesa ya que el que ocupa apenas se veia
17_8;0;0;3;Masculino. como sugerencia pediria mas de dos evaluciones en el ramo del profesor;como sugerencia pediria mas de dos evaluciones en el ramo del profesor
122_2;0;0;3;Masculino. mas claridad en el criterio de evaluacion y en programa semestral;mas claridad en el criterio de evaluacion y en programa semestral
56_1;0;0;3;Masculino. como sugerencia seria bueno que entregara algun programa de la asignatura;como sugerencia seria bueno que entregara algun programa de la asignatura
144_4;0;0;3;Masculino. hacer mas preguntas en la clase para que esta sea mas participativa;hacer mas preguntas en la clase para que esta sea mas participativa
43_6;0;0;3;Masculino. me confunde en algunas cosas en cuanto a conocimientos que habia adquirido anteriormente por otros profesores;me confunde en algunas cosas en cuanto a conocimientos que habia adquirido anteriormente por otros profesores
53_4;0;0;3;Masculino. es menester mencionar o sugerir que deberia de entregar a los y las estudiantes los examenes que realizan para saber que mejorar y que no volver a estudiar;es menester mencionar o sugerir que deberia de entregar a los y las estudiantes los examenes que realizan para saber que mejorar y que no volver a estudiar
110_2;0;0;3;Masculino. a veces profundiza mucho en sus ejemplos y se desvia de la materia;a veces profundiza mucho en sus ejemplos y se desvia de la materia
55_1;0;0;3;Masculino. dar una introduccion de lo que se vera en laboratorio y al final de estos dar la explicacion de los casos vistos;dar una introduccion de lo que se vera en laboratorio y al final de estos dar la explicacion de los casos vistos
26_3;0;0;3;Masculino. no esta mucho es clases y lo otro la organizacion con los tutores ya que hubieron unos problemas en las ultimas clases con una entrega de trabajo;no esta mucho es clases y lo otro la organizacion con los tutores ya que hubieron unos problemas en las ultimas clases con una entrega de trabajo
46_4;0;0;3;Masculino. al realizar cambios de evaluciones deberia avisar antes de la fecha pactada;al realizar cambios de evaluciones deberia avisar antes de la fecha pactada
58_8;0;0;3;Masculino. le sugiero que se de el tiempo necesario para explicar de buena manera su clase;le sugiero que se de el tiempo necesario para explicar de buena manera su clase
100_1;0;0;3;Masculino. sugiero que los ejerecicios realizados en clase se asemejen a los de los certamenes y examenes;sugiero que los ejerecicios realizados en clase se asemejen a los de los certamenes y examenes
117_4;0;0;3;Masculino. excelete desarrollo de las clases. promeve la autonomia del estudiante en general y dentro del taller;excelete desarrollo de las clases. promeve la autonomia del estudiante en general y dentro del taller
24_1;0;0;3;Masculino. el profesor maneja muy bien los contenidos en clases. esto lo demuestra en el aula explicando de manera clara y dando ejemplos para todos los contenidos;el profesor maneja muy bien los contenidos en clases. esto lo demuestra en el aula explicando de manera clara y dando ejemplos para todos los contenidos
44_8;0;0;3;Masculino. el profesor mella y briones son excelentes profesor con toda la disposicion del mundo para que el estudiante aprenda;el profesor mella y briones son excelentes profesor con toda la disposicion del mundo para que el estudiante aprenda
92_4;0;0;3;Masculino. tratar de ser mas dinamico en clases para que haya un mayor interes en asistir a ellas;tratar de ser mas dinamico en clases para que haya un mayor interes en asistir a ellas
116_2;0;0;3;Masculino. excelente clima que se produce en la clase para una mayor participacion del estudiante;excelente clima que se produce en la clase para una mayor participacion del estudiante
125_4;0;0;3;Masculino. trata de entregar la informacion de variadas maneras para un mejor aprendizaje;trata de entregar la informacion de variadas maneras para un mejor aprendizaje
137_4;0;0;3;Masculino. producto de la gran cantidad de estudiantes en la sala no se daba un ambiente en el que todos pudiesemos participar y consular lo no entendido;producto de la gran cantidad de estudiantes en la sala no se daba un ambiente en el que todos pudiesemos participar y consular lo no entendido
95_1;0;0;3;Masculino. no se le comprendia mucho en las clases debido a su manera de hablar. pray for eshonsito;no se le comprendia mucho en las clases debido a su manera de hablar. pray for eshonsito
80_8;0;0;3;Masculino. el repaso que hace sobre la clase anterior es muy extenso lo que no permite avanzar mucho. debiera hacer mas ejercicios practicos y que sean mas parecido a la realidad;el repaso que hace sobre la clase anterior es muy extenso lo que no permite avanzar mucho. debiera hacer mas ejercicios practicos y que sean mas parecido a la realidad
139_1;0;0;3;Masculino. por favor por favor entregue las evaluaciones en las fechas establecidad;por favor por favor entregue las evaluaciones en las fechas establecidad
4_6;0;0;3;Masculino. profesor cercano a los alumnos y bastante carismatico. tiene algunos problemas de dominio de los contenidos que enseÃ±a;profesor cercano a los alumnos y bastante carismatico. tiene algunos problemas de dominio de los contenidos que enseÃ±a
141_7;0;0;3;Masculino. todo el semestre haciendo actividades para que solo subiera 2 notas a intranet;todo el semestre haciendo actividades para que solo subiera 2 notas a intranet
98_8;0;0;2;Masculino. profesor que permite entender de buena manera su ramo;profesor que permite entender de buena manera su ramo
102_7;0;0;2;Masculino. como comentario personal decir que fue un agrado;como comentario personal decir que fue un agrado
41_4;0;0;2;Masculino. hacer retroalimentacion para evitar vacios entre evaluaciones;hacer retroalimentacion para evitar vacios entre evaluaciones
49_4;0;0;2;Masculino. lamentablemente por trabajo no pude asistir al curso. ademas;lamentablemente por trabajo no pude asistir al curso. ademas
121_2;0;0;2;Masculino. se dedica a leer las diapositiva y luego las intenta explicar;se dedica a leer las diapositiva y luego las intenta explicar
77_8;0;0;2;Masculino. deje de pasar materia que no entra en las evaluaciones;deje de pasar materia que no entra en las evaluaciones
108_8;0;0;2;Masculino. como sugerencia entregar las notas en su tiempo;como sugerencia entregar las notas en su tiempo
129_2;0;0;2;Masculino. abierto y disponible para resolver cualquier duda o consulta;abierto y disponible para resolver cualquier duda o consulta
112_2;0;0;2;Masculino. hacer guia en clases de los pasos para tramites de una empresa;hacer guia en clases de los pasos para tramites de una empresa
23_4;0;0;2;Masculino. falta un poco mas de didactica en la exposicion de contenidos;falta un poco mas de didactica en la exposicion de contenidos
143_7;0;0;2;Masculino. no cumple horarios de revision o consulta;no cumple horarios de revision o consulta
100_7;0;0;2;Masculino. el ser muy chistoso en sus clases no le es bueno;el ser muy chistoso en sus clases no le es bueno
62_1;0;0;2;Masculino. muy buen docente y sus clases son muy dinamicas;muy buen docente y sus clases son muy dinamicas
120_4;0;0;2;Masculino. una de las materias que mas disfrute durante el segundo semestre;una de las materias que mas disfrute durante el segundo semestre
99_7;0;0;2;Masculino. mayor responsabilidad y otras maneras de explicar;mayor responsabilidad y otras maneras de explicar
14_4;0;0;2;Masculino. faltan clases de pedagogia para el docente;faltan clases de pedagogia para el docente
11_4;0;0;2;Masculino. creo que es necesario que este mas en las clases;creo que es necesario que este mas en las clases
72_4;0;0;2;Masculino. atiende dudas y explica nuevamente la materia;atiende dudas y explica nuevamente la materia
53_7;0;0;2;Masculino. subir las notas a intranet antes del fin de semestre;subir las notas a intranet antes del fin de semestre
133_7;0;0;2;Masculino. mejorar flujo de informacion hacia los estudiantes;mejorar flujo de informacion hacia los estudiantes
127_8;0;0;2;Masculino. soy alumno intercambio no he cursado la asignatura;soy alumno intercambio no he cursado la asignatura
31_1;0;0;2;Masculino. un ramo de mucha ayuda y con buenos ejercicios;un ramo de mucha ayuda y con buenos ejercicios
32_4;0;0;2;Masculino. entrega los conocimientos de manera dinamica;entrega los conocimientos de manera dinamica
52_8;0;0;2;Masculino. uno de los pocos profesores buenos en diseÃ±o grafico;uno de los pocos profesores buenos en diseÃ±o grafico
150_7;0;0;2;Masculino. es confuso ser evaluado por dos profesores;es confuso ser evaluado por dos profesores
11_8;0;0;2;Masculino. profesor con muy buena disposicion al aprendizaje;profesor con muy buena disposicion al aprendizaje
33_6;0;0;2;Masculino. genera un ambiente muy incomodo dentro del aula;genera un ambiente muy incomodo dentro del aula
6_4;0;0;2;Masculino. buen profesor me gusta su metodo para enseñar;buen profesor me gusta su metodo para enseñar
86_7;0;0;2;Masculino. lo considero uno de los mejores profesores;lo considero uno de los mejores profesores
40_4;0;0;2;Masculino. atiende bien las dudas y temas que se van a realizar;atiende bien las dudas y temas que se van a realizar
9_7;0;0;2;Masculino. deberian existir mas profesionales como don patricio;deberian existir mas profesionales como don patricio
36_2;0;0;2;Masculino. mejorar caligrafia ya que en varias ocasiones no se entendia;mejorar caligrafia ya que en varias ocasiones no se entendia
24_7;0;0;2;Masculino. maneja mucho su area de trabajo y dispuesto a eseÃ±ar;maneja mucho su area de trabajo y dispuesto a eseÃ±ar
135_4;0;0;2;Masculino. explica con peras y manzanas. no obstante;explica con peras y manzanas. no obstante
97_8;0;0;2;Masculino. se debe evaluar mas el aprendizaje y no un resultado;se debe evaluar mas el aprendizaje y no un resultado
7_4;0;0;2;Masculino. profesor con un vasto conocimiento en el area electrica;profesor con un vasto conocimiento en el area electrica
11_6;0;0;2;Masculino. siempre estuvo dispuesto a darme oportunidades;siempre estuvo dispuesto a darme oportunidades
103_7;0;0;2;Masculino. por lo menos tiene que dejar 2 certamanes;por lo menos tiene que dejar 2 certamanes
73_7;0;0;2;Masculino. la forma de evaluar los contenidos del curso fue muy buena;la forma de evaluar los contenidos del curso fue muy buena
69_4;0;0;2;Masculino. respeto a las presentaciones de sus alumnos;respeto a las presentaciones de sus alumnos
115_3;0;0;2;Masculino. falta mejorar la metodologia de las clases;falta mejorar la metodologia de las clases
116_4;0;0;2;Masculino. profesor muy comprometido con sus alumnos;profesor muy comprometido con sus alumnos
19_7;0;0;2;Masculino. falta enforcar mas el ramo a construccion;falta enforcar mas el ramo a construccion
86_1;0;0;2;Masculino. mejorar disposicion y ayuda a los alumnos;mejorar disposicion y ayuda a los alumnos
90_4;0;0;2;Masculino. las puntualidad en las fechas de entrega de calificaciones;las puntualidad en las fechas de entrega de calificaciones
117_2;0;0;2;Masculino. no da instancia para que uno se sienta comodo en su clase;no da instancia para que uno se sienta comodo en su clase
142_8;0;0;2;Masculino. ser mas puntual a la hora de la entrega de notas;ser mas puntual a la hora de la entrega de notas
150_2;0;0;2;Masculino. ejercititar con mas casos de ejemplo para cada materia;ejercititar con mas casos de ejemplo para cada materia
40_2;0;0;2;Masculino. la asignatura deberia ser impartida por un solo docente;la asignatura deberia ser impartida por un solo docente
148_8;0;0;2;Masculino. explique la materia de una forma que la mayoria pueda entender;explique la materia de una forma que la mayoria pueda entender
86_2;0;0;2;Masculino. solo que sea mas didactico y no tan monologo;solo que sea mas didactico y no tan monologo
138_2;0;0;2;Masculino. falta un poco mas de empatia con los alumnos;falta un poco mas de empatia con los alumnos
47_7;0;0;2;Masculino. solo realizo una clase en esta asignatura;solo realizo una clase en esta asignatura
11_3;0;0;2;Masculino. me encanto la clase una lastima no poder realizar el soneto 3d;me encanto la clase una lastima no poder realizar el soneto 3d
133_4;0;0;2;Masculino. aveces hace sus clases un poquito monotonas;aveces hace sus clases un poquito monotonas
74_7;0;0;2;Masculino. el docente es muy poco didactico para sus clases;el docente es muy poco didactico para sus clases
37_7;0;0;2;Masculino. debe actualizar sus contenidos y el metodos de enseÃ±anza;debe actualizar sus contenidos y el metodos de enseÃ±anza
64_3;0;0;2;Masculino. no me gustaron las clases que hizo el richar en su reemplazo;no me gustaron las clases que hizo el richar en su reemplazo
98_4;0;0;2;Masculino. el profesor siempre muy paciente y claro al explica;el profesor siempre muy paciente y claro al explica
122_4;0;0;2;Masculino. una mejora en la explicacion de los contenidos;una mejora en la explicacion de los contenidos
59_7;0;0;2;Masculino. asignatura muy interesante de la manera en la que lo enseÃ±a;asignatura muy interesante de la manera en la que lo enseÃ±a
60_2;0;0;2;Masculino. es de gran utilidad los ejercicios resueltos que entrega;es de gran utilidad los ejercicios resueltos que entrega
128_2;0;0;2;Masculino. muy claro al enseñar los contenidos y con buena dispocision;muy claro al enseñar los contenidos y con buena dispocision
2_7;0;0;2;Masculino. mas ejercicios complejos realizados en clases;mas ejercicios complejos realizados en clases
8_8;0;0;2;Masculino. se enreda solo al momento de explicar los contenidos;se enreda solo al momento de explicar los contenidos
78_8;0;0;2;Masculino. puntualidad en la entrega de evaluaciones;puntualidad en la entrega de evaluaciones
25_2;0;0;2;Masculino. me gustaria que las clases comenzaran a la hora indicada;me gustaria que las clases comenzaran a la hora indicada
65_3;0;0;2;Masculino. deberia hacer sus clases y certamen en horarios que corresponden;deberia hacer sus clases y certamen en horarios que corresponden
27_4;0;0;2;Masculino. muy buen profesor y dinamico para hacer sus clases;muy buen profesor y dinamico para hacer sus clases
72_2;0;0;2;Masculino. al realizar los certamenes estan con una mayor complejidad;al realizar los certamenes estan con una mayor complejidad
127_3;0;0;2;Masculino. podria subir la asistencia periodicamente;podria subir la asistencia periodicamente
63_2;0;0;2;Masculino. eche para afuera a los que hablan en clases;eche para afuera a los que hablan en clases
25_8;0;0;2;Masculino. agregar laboratorios para trabajo practico;agregar laboratorios para trabajo practico
29_6;0;0;2;Masculino. fue quien mejor se adapto a los problemas del acontecer nacional;fue quien mejor se adapto a los problemas del acontecer nacional
36_7;0;0;2;Masculino. falta un poco de ejercicios para preparacion del certamen;falta un poco de ejercicios para preparacion del certamen
20_4;0;0;2;Masculino. un excelente docente y taller de karate. felicitaciones;un excelente docente y taller de karate. felicitaciones
46_2;0;0;2;Masculino. explica de manera simple y facil de aprender;explica de manera simple y facil de aprender
124_4;0;0;2;Masculino. el profesor siempre atento de sus alumnos;el profesor siempre atento de sus alumnos
53_1;0;0;2;Masculino. es buen profe y enseña de forma interactiva;es buen profe y enseña de forma interactiva
29_8;0;0;2;Masculino. buen profesor y buena persona con los estudiantes;buen profesor y buena persona con los estudiantes
103_2;0;0;2;Masculino. explica bien los contenidos de laboratorio y es cooperativo;explica bien los contenidos de laboratorio y es cooperativo
125_8;0;0;2;Masculino. profesor puede evitar que 2 certamenes sean en un mismo mes;profesor puede evitar que 2 certamenes sean en un mismo mes
13_4;0;0;2;Masculino. profesor con mucho dominio en el tema que enseña;profesor con mucho dominio en el tema que enseña
68_7;0;0;2;Masculino. profesor con un dominio magistral de los conocimientos;profesor con un dominio magistral de los conocimientos
72_1;0;0;2;Masculino. explicar mas a fondo ciertos temas que manda a buscar en google;explicar mas a fondo ciertos temas que manda a buscar en google
50_6;0;0;2;Masculino. profesor muy preocupado del aprendizaje mas que de las notas;profesor muy preocupado del aprendizaje mas que de las notas
84_4;0;0;2;Masculino. las clases no eran suficientes para construir conocimientos;las clases no eran suficientes para construir conocimientos
15_1;0;0;2;Masculino. poder subir las notas a intranet antes de tener otra prueba;poder subir las notas a intranet antes de tener otra prueba
59_8;0;0;2;Masculino. se le comprenden los contenidos entregados en clases;se le comprenden los contenidos entregados en clases
58_4;0;0;2;Masculino. me gustaria que aumentara el grado de dificultad del ramo;me gustaria que aumentara el grado de dificultad del ramo
52_2;0;0;2;Masculino. que le enseñe a los estudiantes a usar lenguaje tecnico;que le enseñe a los estudiantes a usar lenguaje tecnico
87_4;0;0;2;Masculino. buen docente solo falta resolucion de pruebas;buen docente solo falta resolucion de pruebas
93_4;0;0;2;Masculino. excelente docente y conocimiento en el area;excelente docente y conocimiento en el area
68_1;0;0;2;Masculino. excelente docente y buen dominio de su asignatura;excelente docente y buen dominio de su asignatura
111_8;0;0;2;Masculino. mejorar la manera de enseÃ±ar hacia los estudiantes;mejorar la manera de enseÃ±ar hacia los estudiantes
148_1;0;0;2;Masculino. falta enseñar mas los ejercicios hechos a mano;falta enseñar mas los ejercicios hechos a mano
39_4;0;0;1;Masculino. si bien conoce bastante en su area;si bien conoce bastante en su area
54_8;0;0;1;Masculino. no me gusta su metodo de evaluacion;no me gusta su metodo de evaluacion
44_6;0;0;1;Masculino. mejorar pronunciacion de ingles;mejorar pronunciacion de ingles
31_8;0;0;1;Masculino. gran persona y profesional;gran persona y profesional
25_4;0;0;1;Masculino. no tuve seminario con este profe;no tuve seminario con este profe
125_2;0;0;1;Masculino. revisar su metodo de evaluaciones;revisar su metodo de evaluaciones
150_4;0;0;1;Masculino. hace muy extensos los certamenes;hace muy extensos los certamenes
33_4;0;0;1;Masculino. avisar si evaluara cosas especificas;avisar si evaluara cosas especificas
120_7;0;0;1;Masculino. subir un poco el timbre de la voz;subir un poco el timbre de la voz
46_7;0;0;1;Masculino. docente que demuestra sus conocimientos;docente que demuestra sus conocimientos
60_8;0;0;1;Masculino. la correccion de certamenes mas rapida;la correccion de certamenes mas rapida
4_3;0;0;1;Masculino. no hay problema con el profesor;no hay problema con el profesor
134_7;0;0;1;Masculino. era algo dificil de entender a veces;era algo dificil de entender a veces
83_8;0;0;1;Masculino. buen sistema de enseÃ±anza;buen sistema de enseÃ±anza
30_8;0;0;1;Masculino. continue haciendo sus clases asi;continue haciendo sus clases asi
119_8;0;0;1;Masculino. llamar la atencion de los estudiantes;llamar la atencion de los estudiantes
17_1;0;0;1;Masculino. sus clases son reflexivas;sus clases son reflexivas
78_7;0;0;1;Masculino. profesor empatico y dedicado;profesor empatico y dedicado
40_8;0;0;1;Masculino. la asistencia deberia ser obligatoria;la asistencia deberia ser obligatoria
68_4;0;0;1;Masculino. mas uso del ingles en la sala de clases;mas uso del ingles en la sala de clases
138_4;0;0;1;Masculino. agregar nuevos metodos de aprendizaje;agregar nuevos metodos de aprendizaje
16_7;0;0;1;Masculino. falta mayor compromiso del profesor;falta mayor compromiso del profesor
20_7;0;0;1;Masculino. exelente docente y persona;exelente docente y persona
42_2;0;0;1;Masculino. buen ambiente de tranajo;buen ambiente de tranajo
60_7;0;0;1;Masculino. se preocupa por cosas irrelevantes;se preocupa por cosas irrelevantes
83_4;0;0;1;Masculino. mejorar comunicacion entre secciones;mejorar comunicacion entre secciones
19_3;0;0;1;Masculino. mayor especificacion de conceptod;mayor especificacion de conceptod
13_6;0;0;1;Masculino. asignatura muy necesaria para la carrera;asignatura muy necesaria para la carrera
77_7;0;0;1;Masculino. solo tuve una clase con el;solo tuve una clase con el
126_7;0;0;1;Masculino. sin comentrios muy buen profesor;sin comentrios muy buen profesor
14_7;0;0;1;Masculino. mas tiempo para las tareas;mas tiempo para las tareas
4_4;0;0;1;Masculino. evaluaciones menos sistematicas;evaluaciones menos sistematicas
140_7;0;0;1;Masculino. mas dominio de los ejercicios;mas dominio de los ejercicios
85_4;0;0;1;Masculino. clases agradables e interesantes;clases agradables e interesantes
79_4;0;0;1;Masculino. explica muy bien y con paciencia;explica muy bien y con paciencia
24_4;0;0;1;Masculino. buen dominio de lo que explica;buen dominio de lo que explica
129_4;0;0;1;Masculino. hacer mas clases en horario de atencion;hacer mas clases en horario de atencion
107_4;0;0;1;Masculino. las clases pudieron ser mas interactivas;las clases pudieron ser mas interactivas
126_1;0;0;1;Masculino. prepare mejor las clases;prepare mejor las clases
46_8;0;0;1;Masculino. buena suerte profesor en su nueva etapa;buena suerte profesor en su nueva etapa
135_2;0;0;1;Masculino. cercano con los estudiantes;cercano con los estudiantes
42_7;0;0;1;Masculino. entrega de notas de manera oportuna;entrega de notas de manera oportuna
85_3;0;0;1;Masculino. excelente como profesor de arduino;excelente como profesor de arduino
50_2;0;0;1;Masculino. repite siempre lo mismo en clases;repite siempre lo mismo en clases
141_8;0;0;1;Masculino. sugiero comenzar las clases a la hora;sugiero comenzar las clases a la hora
101_2;0;0;1;Masculino. deberia pensar antes de hablar;deberia pensar antes de hablar
33_3;0;0;1;Masculino. tipos de evaluaciones son muy diversas;tipos de evaluaciones son muy diversas
99_4;0;0;1;Masculino. el profesor domina los temas;el profesor domina los temas
87_3;0;0;1;Masculino. muy mal metodo de enseñanza;muy mal metodo de enseñanza
49_6;0;0;1;Masculino. para revisar los certamenes;para revisar los certamenes
93_7;0;0;1;Masculino. importancia del trabajo practico;importancia del trabajo practico
105_7;0;0;1;Masculino. explica contenidos con claridad;explica contenidos con claridad
147_3;0;0;1;Masculino. otras formas de evaluacion;otras formas de evaluacion
108_4;0;0;1;Masculino. domina los contenidos correspondientes;domina los contenidos correspondientes
148_4;0;0;1;Masculino. puntualidad en el inicio de la clase;puntualidad en el inicio de la clase
82_7;0;0;1;Masculino. profe muestre las pautas para guiarse;profe muestre las pautas para guiarse
64_2;0;0;1;Masculino. buena expliacion me gusta su metodologia;buena expliacion me gusta su metodologia
15_3;0;0;1;Masculino. que no de tanta tarea para la casa;que no de tanta tarea para la casa
79_8;0;0;1;Masculino. metedologia muy pedagogica;metedologia muy pedagogica
138_8;0;0;1;Masculino. expresar los contenidos de mejor manera;expresar los contenidos de mejor manera
28_1;0;0;1;Masculino. su forma de explicar es poco clara;su forma de explicar es poco clara
18_8;0;0;1;Masculino. no hay interaccion presencial;no hay interaccion presencial
2_2;0;0;1;Masculino. profesor claro para plantear ideas;profesor claro para plantear ideas
24_8;0;0;1;Masculino. evalua lo que enseÃ±a en clases;evalua lo que enseÃ±a en clases
149_3;0;0;1;Masculino. entregue las notas segun corresponda;entregue las notas segun corresponda
74_4;0;0;1;Masculino. un poco mas de dinamismo as sus clases;un poco mas de dinamismo as sus clases
80_2;0;0;1;Masculino. muy simpatico y comprensivo;muy simpatico y comprensivo
9_4;0;0;1;Masculino. se agradece el apoyo del docente;se agradece el apoyo del docente
65_2;0;0;1;Masculino. poca disposicion para enseñar;poca disposicion para enseñar
115_7;0;0;1;Masculino. muy buen profesor de vocacion;muy buen profesor de vocacion
84_8;0;0;1;Masculino. las clases sean mas entretenidas;las clases sean mas entretenidas
101_7;0;0;1;Masculino. entregar mas confianza a sus alumnos;entregar mas confianza a sus alumnos
50_4;0;0;1;Masculino. profesor que domina el ramo;profesor que domina el ramo
57_2;0;0;1;Masculino. disponibilidad para corregir;disponibilidad para corregir
17_6;0;0;1;Masculino. falta de dominio en el ramo;falta de dominio en el ramo
26_1;0;0;1;Masculino. muy acelerado con sus ideas;muy acelerado con sus ideas
42_8;0;0;1;Masculino. mejorar la docencia en el ambito tecnico;mejorar la docencia en el ambito tecnico
120_2;0;0;1;Masculino. me gusta mucho su asignatura;me gusta mucho su asignatura
89_8;0;0;1;Masculino. mas preocupacion en el laboratorio;mas preocupacion en el laboratorio
36_4;0;0;1;Masculino. motiva a sus estudiantes a descubrir;motiva a sus estudiantes a descubrir
94_7;0;0;1;Masculino. informar a alumnos ausencias via correo;informar a alumnos ausencias via correo
106_1;0;0;1;Masculino. hace que sea todo mas facil;hace que sea todo mas facil
40_7;0;0;1;Masculino. deberia recuperar las clases perdidas;deberia recuperar las clases perdidas
113_4;0;0;1;Masculino. muy buenas y practicas clases;muy buenas y practicas clases
9_1;0;0;1;Masculino. explica muy bien sus clases;explica muy bien sus clases
53_8;0;0;1;Masculino. mejorar trato hacia los alumnos;mejorar trato hacia los alumnos
104_4;0;0;1;Masculino. mejorar la entonacion de la voz;mejorar la entonacion de la voz
58_2;0;0;1;Masculino. que sea mas ordenando porfavor;que sea mas ordenando porfavor
127_4;0;0;1;Masculino. un poco mas didactica sus clases;un poco mas didactica sus clases
130_4;0;0;1;Masculino. exelente dominio de contenido;exelente dominio de contenido
103_1;0;0;1;Masculino. muy buena la ejecucion del curso;muy buena la ejecucion del curso
87_8;0;0;1;Masculino. que hiciera mas ordenada las mallas;que hiciera mas ordenada las mallas
145_1;0;0;1;Masculino. coordinarse mas con las otras secciones;coordinarse mas con las otras secciones
64_7;0;0;1;Masculino. me gusta su metodo autodidacta;me gusta su metodo autodidacta
106_7;0;0;1;Masculino. no asumir que sabemos todo!;no asumir que sabemos todo!
76_7;0;0;1;Masculino. muy buen profesor y execelente persona;muy buen profesor y execelente persona
5_6;0;0;1;Masculino. un poco de simpatia risa intensa;un poco de simpatia risa intensa
34_8;0;0;1;Masculino. que resuelva mas ejercicios en clases;que resuelva mas ejercicios en clases
146_1;0;0;1;Masculino. que califique los conocimientos;que califique los conocimientos
108_2;0;0;1;Masculino. entrega de un mejor contenido teorico;entrega de un mejor contenido teorico
39_1;0;0;0;Masculino. muy buena clase 10/10;muy buena clase 10/10
25_1;0;0;0;Masculino. buen profesor 10/10;buen profesor 10/10
43_7;0;0;0;Masculino. buen dominio contenido;buen dominio contenido
78_4;0;0;0;Masculino. que le vaya bien;que le vaya bien
140_4;0;0;0;Masculino. buen profesof;buen profesof
56_8;0;0;0;Masculino. buen profesor de ingles;buen profesor de ingles
28_4;0;0;0;Masculino. explicar graficamente;explicar graficamente
83_7;0;0;0;Masculino. videos;videos
79_7;0;0;0;Masculino. que siga a si;que siga a si
66_7;0;0;0;Masculino. al limite;al limite
151_8;0;0;0;Masculino. mas teoria;mas teoria
62_7;0;0;0;Masculino. no profe;no profe
7_6;0;0;0;Masculino. clases de alta calidad;clases de alta calidad
151_3;0;0;0;Masculino. es un bu en profesor;es un bu en profesor
61_7;0;0;0;Masculino. clases mas practico;clases mas practico
35_7;0;0;0;Masculino. sorpresa;sorpresa
111_7;0;0;0;Masculino. roma lo mas grande;roma lo mas grande
9_8;0;0;0;Masculino. lo felicito;lo felicito
136_1;0;0;0;Masculino. falta conveniencia;falta conveniencia
25_6;0;0;0;Masculino. explique mas ejercicios;explique mas ejercicios
101_3;0;0;0;Masculino. que no escriba tanto;que no escriba tanto
83_2;0;0;0;Masculino. todo ok con el profe;todo ok con el profe
132_7;0;0;0;Masculino. execlente profesor;execlente profesor
58_6;0;0;0;Masculino. bacan!;bacan!
3_7;0;0;0;Masculino. mejor profeeeeee;mejor profeeeeee
114_7;0;0;0;Masculino. mas proactivo;mas proactivo
59_4;0;0;0;Masculino. muy buena onda;muy buena onda
26_4;0;0;0;Masculino. de mas tareas que test;de mas tareas que test
40_6;0;0;0;Masculino. buen profesor encargado;buen profesor encargado
15_2;0;0;0;Masculino. habla mu rapido;habla mu rapido
10_7;0;0;0;Masculino. nada mas agregar;nada mas agregar
92_3;0;0;0;Masculino. excelente catedra;excelente catedra
23_2;0;0;0;Masculino. no es ningun aporte;no es ningun aporte
61_8;0;0;0;Masculino. es amable y paciente;es amable y paciente
11_1;0;0;0;Masculino. reforzar mas;reforzar mas
84_1;0;1;3;Femenino. explicar que en las evaluaciones existira materia adicional a la explicada en clases;explicar que en las evaluaciones existira materia adicional a la explicada en clases
43_1;0;1;3;Femenino. investigacion deberia tener mas tiempo como asignatura de pregrado;investigacion deberia tener mas tiempo como asignatura de pregrado
45_7;0;1;3;Femenino. no utilizar lenguaje muy tecnico para lograr una mejor comprension de lo que desea entregar;no utilizar lenguaje muy tecnico para lograr una mejor comprension de lo que desea entregar
133_8;0;1;3;Femenino. se nota que domina la materia que enseÃ±a deberia ser un poco mas accesible para tener uno la confianza de preguntar las dudas;se nota que domina la materia que enseÃ±a deberia ser un poco mas accesible para tener uno la confianza de preguntar las dudas
115_4;0;1;3;Femenino. sus clases son didacticas y salen de lo comun de la tipica clase teorica;sus clases son didacticas y salen de lo comun de la tipica clase teorica
96_7;0;1;3;Femenino. la evaluacion es para el profesor de remplazo que practicamente el nos hizo la asignatura;la evaluacion es para el profesor de remplazo que practicamente el nos hizo la asignatura
23_6;0;1;3;Femenino. una gran profesora ya que domina y sabe mucho contenido util en las clases;una gran profesora ya que domina y sabe mucho contenido util en las clases
63_8;0;1;3;Femenino. la unica sugerencia es que entregue las calificaciones de las evaluaciones en el periodo estimado en lo demas se desempeÃ±a de manera notable;la unica sugerencia es que entregue las calificaciones de las evaluaciones en el periodo estimado en lo demas se desempeÃ±a de manera notable
127_7;0;1;3;Femenino. sus clases didacticas se aprendio pero si habian muchas cosas que no nos enseÃ±aron y que teniamos que verlo por nuestra propia cuenta o no supieron ordenar los contenidos;sus clases didacticas se aprendio pero si habian muchas cosas que no nos enseÃ±aron y que teniamos que verlo por nuestra propia cuenta o no supieron ordenar los contenidos
31_7;0;1;3;Femenino. demuestra dominio de los contenidos de la disciplina que enseÃ±a. en ocasiones ante alguna duda de las estudiantes;demuestra dominio de los contenidos de la disciplina que enseÃ±a. en ocasiones ante alguna duda de las estudiantes
26_7;0;1;3;Femenino. podrian realizarse en clases mas simulaciones entre pares para aplicar la materia;podrian realizarse en clases mas simulaciones entre pares para aplicar la materia
6_8;0;1;3;Femenino. por que nos hacen evaluar profesores con los que no tenemos clases;por que nos hacen evaluar profesores con los que no tenemos clases
54_7;0;1;3;Femenino. ojala siga asi de interactivo el programa. cuidar el tiempo que dura la asignatura;ojala siga asi de interactivo el programa. cuidar el tiempo que dura la asignatura
45_8;0;1;3;Femenino. a veces la encontre un poco fome pero la profesora lo hizo bien y creo que fue muy consciente de no hacerlo solo teorico;a veces la encontre un poco fome pero la profesora lo hizo bien y creo que fue muy consciente de no hacerlo solo teorico
116_7;0;1;3;Femenino. debe mejorar un poco mas su espaÃ±ol ya que en algunos casos es dificil hacer preguntas ya que no entiende lo que le preguntamos;debe mejorar un poco mas su espaÃ±ol ya que en algunos casos es dificil hacer preguntas ya que no entiende lo que le preguntamos
148_7;0;1;3;Femenino. la profesora especialmente no tiene concordancia en sus clases a demas de un trato bastante inferior y discriminador hacia los alumnos;la profesora especialmente no tiene concordancia en sus clases a demas de un trato bastante inferior y discriminador hacia los alumnos
105_8;0;1;3;Femenino. la forma en la que explica las actividades y contenidos son muy claras y faciles de entender;la forma en la que explica las actividades y contenidos son muy claras y faciles de entender
96_1;0;1;3;Femenino. mantener una congruencia sobre las cosas enseñadas por ambos profesores;mantener una congruencia sobre las cosas enseñadas por ambos profesores
89_4;0;1;3;Femenino. profesora que domina los temas que enseña y comprometida con su quehacer profesional;profesora que domina los temas que enseña y comprometida con su quehacer profesional
148_2;0;1;3;Femenino. docente sin las habilidades para ejercer el ramo de neurolingüistica;docente sin las habilidades para ejercer el ramo de neurolingüistica
150_8;0;1;3;Femenino. muy buenas sus clases lo unico que se puede decir es que eran muchas horas juntas;muy buenas sus clases lo unico que se puede decir es que eran muchas horas juntas
48_7;0;1;3;Femenino. buena profesora aunque espera mucho de los alumnos aunque la calidad y cantidad que se enseÃ±a es bastante menor a la que cree;buena profesora aunque espera mucho de los alumnos aunque la calidad y cantidad que se enseÃ±a es bastante menor a la que cree
51_7;0;1;3;Femenino. buena profesora pero necesitamos guias para reforzar lo visto en clases;buena profesora pero necesitamos guias para reforzar lo visto en clases
69_8;0;1;3;Femenino. seria de mucha ayuda que realizara mas ayudantias en las evaluaciones practicas;seria de mucha ayuda que realizara mas ayudantias en las evaluaciones practicas
59_6;0;1;3;Femenino. las clases deberian enfocarse un poco mas en el area gramatical y no simple en la realizacion de una guia;las clases deberian enfocarse un poco mas en el area gramatical y no simple en la realizacion de una guia
119_4;0;1;3;Femenino. deberia considerar las diferencias de sus alumnos al momento de definir los tiempos para responder las evaluaciones;deberia considerar las diferencias de sus alumnos al momento de definir los tiempos para responder las evaluaciones
50_7;0;1;3;Femenino. promueve la participacion de estudiantes mediante la tecnologia disponible y relaciona los contenidos vistos a problemas electricos y/o hipoteticos;promueve la participacion de estudiantes mediante la tecnologia disponible y relaciona los contenidos vistos a problemas electricos y/o hipoteticos
122_1;0;1;3;Femenino. los laboratorios cursados fueron muy distintos pero con un mejor enfoque a la practica pedagogica de la enseñanza de la evolucion ademas de replicable en los diversos establecimientos educacionales;los laboratorios cursados fueron muy distintos pero con un mejor enfoque a la practica pedagogica de la enseñanza de la evolucion ademas de replicable en los diversos establecimientos educacionales
81_7;0;1;3;Femenino. cambie de seccion medainte la inscripcion de ramos y debido a aesto la profesora le parecio pertinente dejarme solo en una asignatura planeadad para realizar todos los trabajos en grupos de 4;cambie de seccion medainte la inscripcion de ramos y debido a aesto la profesora le parecio pertinente dejarme solo en una asignatura planeadad para realizar todos los trabajos en grupos de 4
80_4;0;1;3;Femenino. explicar con mas detalle cuando se explica una herramienta o una tecnologia nueva;explicar con mas detalle cuando se explica una herramienta o una tecnologia nueva
71_2;0;1;3;Femenino. la profesora utilizo metodologias practicas para el aprendizaje de los contenidos de didactica y especialmente evaluacion. nos enseño a usar los planes y programas;la profesora utilizo metodologias practicas para el aprendizaje de los contenidos de didactica y especialmente evaluacion. nos enseño a usar los planes y programas
135_8;0;1;3;Femenino. necesita mejorar los tiempos que tarda en subir las calificaciones a la plataforma;necesita mejorar los tiempos que tarda en subir las calificaciones a la plataforma
23_1;0;1;3;Femenino. demuestra manejo de los conocimientos facilitando el aprendizaje de estos;demuestra manejo de los conocimientos facilitando el aprendizaje de estos
56_6;0;1;2;Femenino. mas puntualidad con las notas de las evaluaciones;mas puntualidad con las notas de las evaluaciones
69_1;0;1;2;Femenino. hacer mas ejercicios y desarrollarlo en conjunto con la clase;hacer mas ejercicios y desarrollarlo en conjunto con la clase
123_7;0;1;2;Femenino. tiene un conocimiento completo de la materia que enseÃ±a;tiene un conocimiento completo de la materia que enseÃ±a
6_7;0;1;2;Femenino. sus clases son una herramienta para no solo ser profesores;sus clases son una herramienta para no solo ser profesores
16_6;0;1;2;Femenino. los modulos analizados eran muy practicos y faciles de entender;los modulos analizados eran muy practicos y faciles de entender
144_7;0;1;2;Femenino. interesante el metodo utilizado para desarrollar sus clases;interesante el metodo utilizado para desarrollar sus clases
27_7;0;1;2;Femenino. espero continue en este semestre impartiendo ingles a icm;espero continue en este semestre impartiendo ingles a icm
107_7;0;1;2;Femenino. excelente docente motiva a interesarse en la asignatura;excelente docente motiva a interesarse en la asignatura
138_7;0;1;2;Femenino. explica de manera clara y entrega material de estudio;explica de manera clara y entrega material de estudio
30_4;0;1;2;Femenino. excelente profesora explica muy bien y resuelve dudas;excelente profesora explica muy bien y resuelve dudas
50_3;0;1;2;Femenino. prrsentar idapositivas de forma mas pausada;prrsentar idapositivas de forma mas pausada
77_1;0;1;2;Femenino. demuestra dominio de los temas planteados;demuestra dominio de los temas planteados
43_4;0;1;2;Femenino. podrian existir mas clases de retroalimentacion;podrian existir mas clases de retroalimentacion
74_8;0;1;2;Femenino. plantea de forma efectiva los ejercicios para practicar;plantea de forma efectiva los ejercicios para practicar
102_4;0;1;2;Femenino. explica muy claro los objetivos del ramo a cumplir y las fechas;explica muy claro los objetivos del ramo a cumplir y las fechas
117_7;0;1;2;Femenino. podria dar un tiempo mas prolongado para la entrega de trabajos;podria dar un tiempo mas prolongado para la entrega de trabajos
51_4;0;1;2;Femenino. demuestra mucho dominio de los contenidos;demuestra mucho dominio de los contenidos
121_7;0;1;2;Femenino. todo bien excepto que nos falto tiempo al ultimo modulo;todo bien excepto que nos falto tiempo al ultimo modulo
112_7;0;1;2;Femenino. una profesional muy derecha para realizar su trabajo;una profesional muy derecha para realizar su trabajo
29_7;0;1;2;Femenino. deberia promover mas la participacion en clases;deberia promover mas la participacion en clases
145_8;0;1;2;Femenino. una buena docente que se maneja en su area;una buena docente que se maneja en su area
98_3;0;1;2;Femenino. continue siendo la excelente profesora que es;continue siendo la excelente profesora que es
117_8;0;1;2;Femenino. indica de forma clara los procedimientos de evaluacion;indica de forma clara los procedimientos de evaluacion
118_4;0;1;2;Femenino. gracias por enseñar hacer un informe decente;gracias por enseñar hacer un informe decente
145_3;0;1;2;Femenino. que reserve las salas antes para no ir a puro wear;que reserve las salas antes para no ir a puro wear
67_8;0;1;2;Femenino. un 7 de profesora! un gusto haber tenido clases con ella;un 7 de profesora! un gusto haber tenido clases con ella
139_4;0;1;2;Femenino. es un buen taller para informarse sobre el mundo laboral;es un buen taller para informarse sobre el mundo laboral
56_4;0;1;2;Femenino. hay contenidos que no tienen buena redaccion;hay contenidos que no tienen buena redaccion
12_2;0;1;2;Femenino. no tuve clases con ella ya que no pude dar el ramo;no tuve clases con ella ya que no pude dar el ramo
30_7;0;1;2;Femenino. sabe mucho la profesora pero a veces son muy parejas sus clases;sabe mucho la profesora pero a veces son muy parejas sus clases
111_3;0;1;2;Femenino. enseño todo en un periodo corto de tiempo;enseño todo en un periodo corto de tiempo
12_6;0;1;2;Femenino. muchas gracias por haberla conocido profesora;muchas gracias por haberla conocido profesora
143_4;0;1;2;Femenino. solo puedo decir que me encantan sus clases;solo puedo decir que me encantan sus clases
39_8;0;1;2;Femenino. se agradece el dominio total de la materia;se agradece el dominio total de la materia
69_7;0;1;2;Femenino. la manera de ejecutar y evaluar la catedra;la manera de ejecutar y evaluar la catedra
8_4;0;1;2;Femenino. no hacer las clases de tanta lectura de power;no hacer las clases de tanta lectura de power
35_4;0;1;2;Femenino. me gusta su forma de enseñar y explicar la materia;me gusta su forma de enseñar y explicar la materia
105_4;0;1;2;Femenino. excelente docente y manejo y dominio de sus topicos;excelente docente y manejo y dominio de sus topicos
89_2;0;1;2;Femenino. docente que no cumple con los horarios de clases establecidos;docente que no cumple con los horarios de clases establecidos
131_2;0;1;2;Femenino. excelente profesora y tambien excelente metodo de enseñanza;excelente profesora y tambien excelente metodo de enseñanza
86_8;0;1;2;Femenino. es buena su forma de explicar el contenido;es buena su forma de explicar el contenido
38_1;0;1;2;Femenino. profesora hace evaluaciones en cada clase;profesora hace evaluaciones en cada clase
142_3;0;1;2;Femenino. docente muy comprometida en que sus alumnos aprendan;docente muy comprometida en que sus alumnos aprendan
7_1;0;1;2;Femenino. como sugerencia: deberia hacer las clases mas pausada;como sugerencia: deberia hacer las clases mas pausada
112_3;0;1;2;Femenino. integra de muy buena manera los contenidos que se nos presentan;integra de muy buena manera los contenidos que se nos presentan
53_2;0;1;2;Femenino. se muestra dominio de todos los contenidos;se muestra dominio de todos los contenidos
54_3;0;1;2;Femenino. super buena profesora espero me haga algun otro ramo;super buena profesora espero me haga algun otro ramo
47_3;0;1;2;Femenino. la clase se realiza en buen ritmo y se permite lluvia de ideas;la clase se realiza en buen ritmo y se permite lluvia de ideas
142_2;0;1;2;Femenino. buena profesora que se da el tiempo de enseñar a cada alumno;buena profesora que se da el tiempo de enseñar a cada alumno
141_3;0;1;1;Femenino. comprendi los contenidos;comprendi los contenidos
35_8;0;1;1;Femenino. una asignatura interesante;una asignatura interesante
57_7;0;1;1;Femenino. es la mejor profesora del semestre;es la mejor profesora del semestre
54_4;0;1;1;Femenino. profesora muy dinamica y dedicada;profesora muy dinamica y dedicada
47_1;0;1;1;Femenino. maneja muy bien su catedra;maneja muy bien su catedra
67_7;0;1;1;Femenino. considero a modo personal;considero a modo personal
113_8;0;1;1;Femenino. espero de corazon tenga un buen retiro;espero de corazon tenga un buen retiro
21_8;0;1;1;Femenino. se olvida lo que le pregunto al instante;se olvida lo que le pregunto al instante
5_7;0;1;1;Femenino. domina muy buen los contenidos;domina muy buen los contenidos
87_7;0;1;1;Femenino. muy conforme con lo eprendido;muy conforme con lo eprendido
80_7;0;1;1;Femenino. debe mejorar su forma de enseÃ±ar;debe mejorar su forma de enseÃ±ar
58_7;0;1;1;Femenino. genera confianza en sus clases;genera confianza en sus clases
75_4;0;1;1;Femenino. profesora comprometida y responsable;profesora comprometida y responsable
71_8;0;1;1;Femenino. la mejor profesora por lejos !;la mejor profesora por lejos !
130_7;0;1;1;Femenino. a veces se le sale lo clasista;a veces se le sale lo clasista
59_1;0;1;1;Femenino. se demora en enviar notas;se demora en enviar notas
65_7;0;1;1;Femenino. sabe mucho pero no es buena pedagoga;sabe mucho pero no es buena pedagoga
100_4;0;1;1;Femenino. me encanto su metodo de evaluacion;me encanto su metodo de evaluacion
87_2;0;1;1;Femenino. la profesora habla muy despacio;la profesora habla muy despacio
70_8;0;1;1;Femenino. no hubo continuidad en el ramo;no hubo continuidad en el ramo
119_3;0;1;1;Femenino. muy buen uso de aprendizaje;muy buen uso de aprendizaje
141_4;0;1;1;Femenino. muy buena disposicion para aclarar dudas;muy buena disposicion para aclarar dudas
102_8;0;1;1;Femenino. buena profesora con mucha capacidad;buena profesora con mucha capacidad
96_3;0;1;1;Femenino. organizar mas salidas a terreno;organizar mas salidas a terreno
47_8;0;1;1;Femenino. son un agrado sus clases;son un agrado sus clases
32_8;0;1;1;Femenino. utiliza variados metodos de evaluacion;utiliza variados metodos de evaluacion
125_7;0;1;1;Femenino. no tengo clases con este docente;no tengo clases con este docente
149_4;0;1;1;Femenino. la mejor jefa de asignatura;la mejor jefa de asignatura
145_7;0;1;1;Femenino. aplica una economia basada en mi carrera;aplica una economia basada en mi carrera
151_4;0;1;1;Femenino. responsable y con buena disposicion;responsable y con buena disposicion
96_8;0;1;1;Femenino. explica de forma clara la materia pasada;explica de forma clara la materia pasada
126_2;0;1;1;Femenino. mezcla la tecnologia con el ingles;mezcla la tecnologia con el ingles
10_4;0;1;1;Femenino. las clases muy didacticas. entretenidas;las clases muy didacticas. entretenidas
146_4;0;1;1;Femenino. docente muy especializada en su area;docente muy especializada en su area
114_4;0;1;1;Femenino. buena profesora y muy amable;buena profesora y muy amable
15_7;0;1;1;Femenino. poco dominio de la asignatura;poco dominio de la asignatura
12_4;0;1;1;Femenino. ojala que siga el proximo semestre;ojala que siga el proximo semestre
73_1;0;1;1;Femenino. conocimientos sobre el ramo;conocimientos sobre el ramo
137_2;0;1;1;Femenino. bibliografia complementaria;bibliografia complementaria
112_4;0;1;1;Femenino. nada que decir sobre la profe;nada que decir sobre la profe
110_4;0;1;1;Femenino. que mantenga su forma de enseñar;que mantenga su forma de enseñar
34_4;0;1;0;Femenino. excelente proferosora;excelente proferosora
14_6;0;1;0;Femenino. al menos para mi;al menos para mi
105_1;0;1;0;Femenino. certamenes muy largos;certamenes muy largos
146_7;0;1;0;Femenino. conoce mucho;conoce mucho
110_8;0;1;0;Femenino. its ok;its ok
91_7;0;1;0;Femenino. no explica muy bien;no explica muy bien
21_6;0;1;0;Femenino. muy entusiasta;muy entusiasta
84_7;0;1;0;Femenino. excelente peofecional;excelente peofecional
23_7;0;1;0;Femenino. clases super didacticas;clases super didacticas
92_8;0;1;0;Femenino. buenaprofesional;buenaprofesional
77_4;0;1;0;Femenino. solo tuvimos una clase;solo tuvimos una clase
27_6;0;1;0;Femenino. docente explicativa;docente explicativa
125_1;0;1;0;Femenino. mas material de apoyo;mas material de apoyo
89_1;0;1;0;Femenino. docencia limitada;docencia limitada
22_6;0;1;0;Femenino. clases super planas;clases super planas
35_6;0;1;0;Femenino. es super buena profe;es super buena profe
114_2;0;1;0;Femenino. confianza con el alumno;confianza con el alumno
73_8;0;1;0;Femenino. muy bien!;muy bien!
43_8;0;1;0;Femenino. responde todo muy bien;responde todo muy bien
6_6;0;1;0;Femenino. asisti a pocas clases;asisti a pocas clases
6_2;0;1;0;Femenino. cambiar la plataforma;cambiar la plataforma
132_3;0;1;0;Femenino. solo siga enseñando;solo siga enseñando
66_2;0;1;0;Femenino. nuy buena profesora;nuy buena profesora
140_8;0;1;0;Femenino. un 7 profe;un 7 profe
40_1;0;1;0;Femenino. poco claro;poco claro
71_4;0;1;0;Femenino. realizar mas test;realizar mas test
16_4;1;0;3;Masculino. buen profe! falta potenciar mas la participacion de mujeres en clases;buen profe! falta potenciar mas la participacion de mujeres en clases
45_1;1;0;3;Masculino. hagan algo para explicar como desarrollar y controlen a los profesores encargados;hagan algo para explicar como desarrollar y controlen a los profesores encargados
33_7;1;0;3;Masculino. siempre mantuvo el control y atencion de todas en sus clases ademas de enseÃ±ar bien;siempre mantuvo el control y atencion de todas en sus clases ademas de enseÃ±ar bien
42_4;1;0;3;Masculino. no tener una actitud tan arrogante al momento de dirigirse a sus estudiantes;no tener una actitud tan arrogante al momento de dirigirse a sus estudiantes
150_3;1;0;3;Masculino. se encarga de explicar bien y de que los estudiantes comprendan la materia;se encarga de explicar bien y de que los estudiantes comprendan la materia
88_8;1;0;3;Masculino. es un docente con mucha capacidad y muy inteligente pero esta lejos de ser un docente con tacto;es un docente con mucha capacidad y muy inteligente pero esta lejos de ser un docente con tacto
64_4;1;0;3;Masculino. el profesor es claro y pragmatico al momento de pasar la materia y realizar su clase;el profesor es claro y pragmatico al momento de pasar la materia y realizar su clase
53_6;1;0;3;Masculino. mucho lenguaje tecnico y exceso de uso de diapositivas en power point;mucho lenguaje tecnico y exceso de uso de diapositivas en power point
48_8;1;0;3;Masculino. muy buen profesor con excelente manejo en el area y una gran paciencia;muy buen profesor con excelente manejo en el area y una gran paciencia
29_3;1;0;3;Masculino. uno de los mejores profesores que he tenido en mi etapa universitaria;uno de los mejores profesores que he tenido en mi etapa universitaria
16_2;1;0;3;Masculino. buen manejo de conocimiento y buenas estrategias para compartirlo con los estudiantes. personalmente me senti muy apoyada y comoda en clases;buen manejo de conocimiento y buenas estrategias para compartirlo con los estudiantes. personalmente me senti muy apoyada y comoda en clases
51_1;1;0;3;Masculino. su metodo de enseñanza es eficiente siempre y cuando no toque la pizarra;su metodo de enseñanza es eficiente siempre y cuando no toque la pizarra
45_3;1;0;3;Masculino. es necesario se actualice en el procedimiento de hacer las clases;es necesario se actualice en el procedimiento de hacer las clases
123_8;1;0;3;Masculino. es un buen profesor ya que muestra dominio del contenido y trata de explicar de forma que entendamos mejor;es un buen profesor ya que muestra dominio del contenido y trata de explicar de forma que entendamos mejor
69_3;1;0;3;Masculino. excelente profesor solo le falta ser mas responsable con la entrega de notas;excelente profesor solo le falta ser mas responsable con la entrega de notas
57_6;1;0;3;Masculino. no da solucion a problemas de gran relevancia a la docencia y practica rural;no da solucion a problemas de gran relevancia a la docencia y practica rural
53_3;1;0;3;Masculino. como investigador o cientifico esta bien pero como docente la verdad deja mucho que desear;como investigador o cientifico esta bien pero como docente la verdad deja mucho que desear
11_7;1;0;3;Masculino. debe ser mas estricto con sus alumnos. centrarlos. si van a clases es a estudiar o que si no;debe ser mas estricto con sus alumnos. centrarlos. si van a clases es a estudiar o que si no
55_6;1;0;3;Masculino. sus clases son entretenidas pero el certamen nos perjudico a muchos;sus clases son entretenidas pero el certamen nos perjudico a muchos
2_6;1;0;3;Masculino. profesor motivador que genera interes en alumnos y da las herramientas para volverse un estudiante bien informado;profesor motivador que genera interes en alumnos y da las herramientas para volverse un estudiante bien informado
136_8;1;0;3;Masculino. muy buen profesor con muchos conocimientos pero al momento de ser consultado o ir a su oficina no recibe a los alumnos de buena manera y entrega muy pocas soluciones;muy buen profesor con muchos conocimientos pero al momento de ser consultado o ir a su oficina no recibe a los alumnos de buena manera y entrega muy pocas soluciones
38_2;1;0;3;Masculino. el profesor explica muy bien y sus en sus clases se entiende bien la materia que siga enseñando asi;el profesor explica muy bien y sus en sus clases se entiende bien la materia que siga enseñando asi
131_8;1;0;3;Masculino. falta generar mas conexion con los alumnos y no vernos como un caso clinico;falta generar mas conexion con los alumnos y no vernos como un caso clinico
88_3;1;0;3;Masculino. excelente docente muy motivador con los estudiantes y preocupado de su aprendizaje;excelente docente muy motivador con los estudiantes y preocupado de su aprendizaje
21_3;1;0;3;Masculino. el profesor es un poco irresponsable en cuanto a la puntualidad y no cumple con los dias establecidos de clase;el profesor es un poco irresponsable en cuanto a la puntualidad y no cumple con los dias establecidos de clase
122_8;1;0;3;Masculino. su participacion en la asignatura se baso en ser un jefe y facilitador de proyecto;su participacion en la asignatura se baso en ser un jefe y facilitador de proyecto
128_3;1;0;3;Masculino. un profesor que integra su experiencia personal dentro del futuro campo laboral del estudiante. creando reales expectativas entorno a ello;un profesor que integra su experiencia personal dentro del futuro campo laboral del estudiante. creando reales expectativas entorno a ello
58_3;1;0;3;Masculino. buen profesor con gran conocimiento en su especialidad y con la mejor disposicion que he visto en un profesor;buen profesor con gran conocimiento en su especialidad y con la mejor disposicion que he visto en un profesor
57_1;1;0;3;Masculino. profesor no expresa conocimiento alguno en la sala de clase. realiza una clase para el sin exteriorizar el conocimiento a los alumnos;profesor no expresa conocimiento alguno en la sala de clase. realiza una clase para el sin exteriorizar el conocimiento a los alumnos
9_6;1;0;3;Masculino. profesor que domina el contenido de manera correcta y lo enseÃ±a de forma didactica con el objetivo que los alumnos entiendan la materia;profesor que domina el contenido de manera correcta y lo enseÃ±a de forma didactica con el objetivo que los alumnos entiendan la materia
45_2;1;0;3;Masculino. profesor super estricto pero su manejo de contenidos y su forma de enseñar es excelente;profesor super estricto pero su manejo de contenidos y su forma de enseñar es excelente
144_3;1;0;3;Masculino. esta muy anciano y no responde las preguntas realizadas por el alumno;esta muy anciano y no responde las preguntas realizadas por el alumno
137_3;1;0;3;Masculino. maneja los contenidos de manera perfecta logrando que el estudiante logre aprender en forma optima;maneja los contenidos de manera perfecta logrando que el estudiante logre aprender en forma optima
100_8;1;0;3;Masculino. profesor dinamico y con gran conocimiento sobre la materia de epistemologia e investigacion;profesor dinamico y con gran conocimiento sobre la materia de epistemologia e investigacion
32_6;1;0;3;Masculino. profesor con amplia vision empresarial y economica. hace un excelente trabajo acercandonos a la industria;profesor con amplia vision empresarial y economica. hace un excelente trabajo acercandonos a la industria
25_3;1;0;3;Masculino. sus clases son muy dinamicas donde te genera motivacion hacia el ramo;sus clases son muy dinamicas donde te genera motivacion hacia el ramo
32_3;1;0;3;Masculino. el docente tiene buena disposicion al enseñar y reforzar contenidos;el docente tiene buena disposicion al enseñar y reforzar contenidos
81_3;1;0;3;Masculino. tiene un nivel de exigencia que considero adecuado para permitir desarrollo de la disciplina;tiene un nivel de exigencia que considero adecuado para permitir desarrollo de la disciplina
83_1;1;0;3;Masculino. al profesor como persona se nota que le gusta enseñar y tiene paciencia;al profesor como persona se nota que le gusta enseñar y tiene paciencia
144_1;1;0;3;Masculino. atiende muy bien todas las dudas y mantiene un clima agradable en todo momento;atiende muy bien todas las dudas y mantiene un clima agradable en todo momento
128_8;1;0;3;Masculino. este profesor es un tema de conflicto en todos sus ramos. pasa la materia sumamente rapido;este profesor es un tema de conflicto en todos sus ramos. pasa la materia sumamente rapido
21_1;1;0;3;Masculino. nada que decir un excelente profesor y muy buena disposicion y preocupacion con sus alumnos;nada que decir un excelente profesor y muy buena disposicion y preocupacion con sus alumnos
151_2;1;0;3;Masculino. no tiene tacto para decir las cosas pero si buenas intenciones con los estudiantes y disposicion para enseñar;no tiene tacto para decir las cosas pero si buenas intenciones con los estudiantes y disposicion para enseñar
63_3;1;0;2;Masculino. el profesor desarrollo habilidades blandas en sus alumnos;el profesor desarrollo habilidades blandas en sus alumnos
80_1;1;0;2;Masculino. profesor estructurado y muy buen metodo de enseñanza;profesor estructurado y muy buen metodo de enseñanza
129_8;1;0;2;Masculino. muestra un desempeÃ±o impecable en su asignatura;muestra un desempeÃ±o impecable en su asignatura
86_3;1;0;2;Masculino. excelente asignatura y profesor? motiva y es amigable!;excelente asignatura y profesor? motiva y es amigable!
78_3;1;0;2;Masculino. sus clases tenian buen contenido y harto trabajo practico;sus clases tenian buen contenido y harto trabajo practico
64_8;1;0;2;Masculino. mas clases practicas para hacerlo mas entretenido;mas clases practicas para hacerlo mas entretenido
97_3;1;0;2;Masculino. interesante sus clases y muy buena explicacion de ella;interesante sus clases y muy buena explicacion de ella
37_4;1;0;2;Masculino. gran disponibilidad para enseñar a cada alumno en particular;gran disponibilidad para enseñar a cada alumno en particular
38_8;1;0;2;Masculino. es claro y preciso a la hora de resolver consultas;es claro y preciso a la hora de resolver consultas
6_3;1;0;2;Masculino. buen dominio de la materia expuesta en clases;buen dominio de la materia expuesta en clases
44_2;1;0;2;Masculino. el profesor siempre motiva a los alumnos al conocimiento;el profesor siempre motiva a los alumnos al conocimiento
97_1;1;0;2;Masculino. profesor dedicado y un profesional en lo que hace;profesor dedicado y un profesional en lo que hace
34_3;1;0;2;Masculino. falta mas fiscalizacion a los alumnos en las evaluaciones;falta mas fiscalizacion a los alumnos en las evaluaciones
104_8;1;0;2;Masculino. profe: deberia sonreir de vez en cuando sonrisa;profe: deberia sonreir de vez en cuando sonrisa
134_3;1;0;2;Masculino. me gusto mucho su carisma y metodo de enseñanza;me gusto mucho su carisma y metodo de enseñanza
30_6;1;0;2;Masculino. atento y paciente con las dudas de los alumnos;atento y paciente con las dudas de los alumnos
38_3;1;0;2;Masculino. a veces se enreda al explicar por lo que el alumno se confunde;a veces se enreda al explicar por lo que el alumno se confunde
60_6;1;0;2;Masculino. buen docente con experiencia y manejo del area;buen docente con experiencia y manejo del area
47_4;1;0;2;Masculino. muy buena disposicion y amabilidad siempre;muy buena disposicion y amabilidad siempre
107_3;1;0;2;Masculino. fue muy estricto al dejar ncr a un alto porcentaje del curso;fue muy estricto al dejar ncr a un alto porcentaje del curso
41_3;1;0;2;Masculino. mayor claridad en la explicaciones de los trabajos;mayor claridad en la explicaciones de los trabajos
100_2;1;0;2;Masculino. clases practicas muy buenas explica claramente sin divagar mucho;clases practicas muy buenas explica claramente sin divagar mucho
35_3;1;0;2;Masculino. mostrar mas dominio de contenidos durante la clase;mostrar mas dominio de contenidos durante la clase
26_8;1;0;2;Masculino. presenta un buen manejo de los temas enseÃ±ados;presenta un buen manejo de los temas enseÃ±ados
42_3;1;0;2;Masculino. muy energetico y apasionado por los contenidos;muy energetico y apasionado por los contenidos
147_2;1;0;2;Masculino. he visto compañeras llorando por la poca solucion que el les da;he visto compañeras llorando por la poca solucion que el les da
94_8;1;0;2;Masculino. falta mas constancia y comunicacion de parte del profesor;falta mas constancia y comunicacion de parte del profesor
94_3;1;0;2;Masculino. deberian aprender otros profesores de el !;deberian aprender otros profesores de el !
37_3;1;0;2;Masculino. no ser tan sarcastico y tener un poco mas de empatia;no ser tan sarcastico y tener un poco mas de empatia
119_1;1;0;2;Masculino. profesor preocupado por que sus alumnos aprendan;profesor preocupado por que sus alumnos aprendan
125_3;1;0;2;Masculino. falta mas comunicacion y estar mas presente con sus alumnos;falta mas comunicacion y estar mas presente con sus alumnos
107_2;1;0;2;Masculino. el profesor demuestra dominio y experiencia;el profesor demuestra dominio y experiencia
62_3;1;0;2;Masculino. se merece un lugar mas adecuado en la universidad;se merece un lugar mas adecuado en la universidad
48_3;1;0;2;Masculino. explica muy bien y tiene mucho conocimiento de su asignatura;explica muy bien y tiene mucho conocimiento de su asignatura
65_8;1;0;2;Masculino. excelente capacidad para captar la atencion de los estudiantes;excelente capacidad para captar la atencion de los estudiantes
134_8;1;0;2;Masculino. maneja de manera excelente el contenido a enseÃ±ar;maneja de manera excelente el contenido a enseÃ±ar
5_3;1;0;2;Masculino. modular mas cuando habla. no se logra entender;modular mas cuando habla. no se logra entender
31_3;1;0;2;Masculino. me gustaria que las clases entregan un mayor conocimiento;me gustaria que las clases entregan un mayor conocimiento
39_3;1;0;2;Masculino. deberia corregir un poco mas rapido para que todos alcancen;deberia corregir un poco mas rapido para que todos alcancen
143_1;1;0;2;Masculino. es un entendido en el tema de la economia;es un entendido en el tema de la economia
150_1;1;0;2;Masculino. interesante la materia y explicada de buena manera;interesante la materia y explicada de buena manera
70_3;1;0;1;Masculino. explique mejor las ideas;explique mejor las ideas
44_4;1;0;1;Masculino. profesor con mucha falta de coordinacion;profesor con mucha falta de coordinacion
48_6;1;0;1;Masculino. muy didactico para realizar sus clases;muy didactico para realizar sus clases
145_4;1;0;1;Masculino. gran y divertido profesor;gran y divertido profesor
49_1;1;0;1;Masculino. acercarse mas a los estudiantes;acercarse mas a los estudiantes
71_1;1;0;1;Masculino. genera un grato ambiente academico;genera un grato ambiente academico
147_8;1;0;1;Masculino. sus ppt son desordenados;sus ppt son desordenados
89_3;1;0;1;Masculino. preparar las clases y mas animo;preparar las clases y mas animo
121_8;1;0;1;Masculino. total dominio de lo que enseÃ±a;total dominio de lo que enseÃ±a
118_3;1;0;1;Masculino. toma tiempo de ayudar en todas las dudas;toma tiempo de ayudar en todas las dudas
120_3;1;0;1;Masculino. gracias por el buen trabajo;gracias por el buen trabajo
15_6;1;0;1;Masculino. falta mas seriedad en sus clases;falta mas seriedad en sus clases
28_3;1;0;1;Masculino. no maneja los contenidos;no maneja los contenidos
45_4;1;0;1;Masculino. desordenado e imputual en las clases;desordenado e imputual en las clases
16_3;1;0;1;Masculino. genera un clima de confianza en la clase;genera un clima de confianza en la clase
22_8;1;0;1;Masculino. mejorar la impostacion de la voz;mejorar la impostacion de la voz
149_8;1;0;1;Masculino. profe usted fue un crack;profe usted fue un crack
68_3;1;0;1;Masculino. haga las clases con mas animo;haga las clases con mas animo
40_3;1;0;1;Masculino. sea mas piola con los certemenes;sea mas piola con los certemenes
82_2;1;0;1;Masculino. profesor de calidad y con vocacion;profesor de calidad y con vocacion
14_8;1;0;1;Masculino. no tiene buena tecnicas de enseÃ±anza;no tiene buena tecnicas de enseÃ±anza
12_3;1;0;1;Masculino. clase bien enfocadas y desarrolladas;clase bien enfocadas y desarrolladas
85_8;1;0;1;Masculino. su clase no motiva a nada;su clase no motiva a nada
49_3;1;0;1;Masculino. agradable y siempre dispuesto a ayudar;agradable y siempre dispuesto a ayudar
46_3;1;0;1;Masculino. buen docente debe seguir asi;buen docente debe seguir asi
79_1;1;0;1;Masculino. profesor muy empatico y comprometido;profesor muy empatico y comprometido
138_3;1;0;1;Masculino. profesor con mala actitud;profesor con mala actitud
94_2;1;0;1;Masculino. supo sobrellevar al grupo y beneficiarle;supo sobrellevar al grupo y beneficiarle
113_3;1;0;1;Masculino. comprensivo y participativo;comprensivo y participativo
8_2;1;0;1;Masculino. tiene buena disposicion y paciencia;tiene buena disposicion y paciencia
82_3;1;0;1;Masculino. posee una buena disposicion;posee una buena disposicion
82_8;1;0;1;Masculino. no me gusto su metodo de enseÃ±anza;no me gusto su metodo de enseÃ±anza
19_4;1;0;1;Masculino. buen profesor muy aplicado;buen profesor muy aplicado
14_3;1;0;1;Masculino. falta dominio de la materia;falta dominio de la materia
18_3;1;0;1;Masculino. el mejor profesor del mundo;el mejor profesor del mundo
60_3;1;0;1;Masculino. este semestre fue mas considerado;este semestre fue mas considerado
107_1;1;0;1;Masculino. profesor muy poco agradable;profesor muy poco agradable
123_1;1;0;1;Masculino. docente que no escucha a los alumnos;docente que no escucha a los alumnos
126_8;1;0;1;Masculino. excelente dominio de las pp;excelente dominio de las pp
44_1;1;0;1;Masculino. muy entretenido para realizar sus clases;muy entretenido para realizar sus clases
10_3;1;0;1;Masculino. buen profesor atento con sus estudiantes;buen profesor atento con sus estudiantes
36_1;1;0;1;Masculino. no cierra el semestre cuando corresponde;no cierra el semestre cuando corresponde
145_2;1;0;1;Masculino. el mejor profesional de psicologia;el mejor profesional de psicologia
101_1;1;0;1;Masculino. poca comunicacion con el curso;poca comunicacion con el curso
51_8;1;0;0;Masculino. mas responsabilidad;mas responsabilidad
120_8;1;0;0;Masculino. bastante organizado;bastante organizado
95_7;1;0;0;Masculino. regala las notas;regala las notas
102_1;1;0;0;Masculino. siempre atento;siempre atento
95_3;1;0;0;Masculino. ternura;ternura
84_3;1;0;0;Masculino. bien explicado;bien explicado
140_3;1;0;0;Masculino. medio picaflor;medio picaflor
31_4;1;0;0;Masculino. es muy activo;es muy activo
5_8;1;0;0;Masculino. hace leer mucho;hace leer mucho
47_6;1;0;0;Masculino. muy buenas ideas;muy buenas ideas
61_6;1;0;0;Masculino. directo en la materia;directo en la materia
115_8;1;0;0;Masculino. es solo power point;es solo power point
37_6;1;0;0;Masculino. profesor entretenido;profesor entretenido
42_6;1;0;0;Masculino. demasiado cuadrado;demasiado cuadrado
117_1;1;0;0;Masculino. exelente pedagogo;exelente pedagogo
75_1;1;0;0;Masculino. falta mas exigencia;falta mas exigencia
43_3;1;0;0;Masculino. ser mas autodidacta;ser mas autodidacta
95_2;1;0;0;Masculino. buen entrenador;buen entrenador
109_8;1;0;0;Masculino. ser menos egocentrico;ser menos egocentrico
5_4;1;0;0;Masculino. mucha risa;mucha risa
95_8;1;0;0;Masculino. profe es muy bacan;profe es muy bacan
130_3;1;0;0;Masculino. mas objetivo;mas objetivo
90_3;1;0;0;Masculino. atento y cercano;atento y cercano
20_2;1;0;0;Masculino. gracioso;gracioso
3_3;1;0;0;Masculino. un sujeto agradable;un sujeto agradable
21_2;1;0;0;Masculino. el mejor de dibujo;el mejor de dibujo
143_8;1;0;0;Masculino. como persona me agrada;como persona me agrada
61_1;1;0;0;Masculino. que no sea tan enojon;que no sea tan enojon
73_3;1;0;0;Masculino. mejorar las didacticas;mejorar las didacticas
27_1;1;0;0;Masculino. dismimuir la dificultad;dismimuir la dificultad
86_4;1;1;3;Femenino. demuestra conocimientos de la asignatura sin embargo al enseñar solo con ppts cuesta mas entender;demuestra conocimientos de la asignatura sin embargo al enseñar solo con ppts cuesta mas entender
23_8;1;1;3;Femenino. se agradece que la docente establezca una conexion con situaciones que se presentan en la vida cotidiana con la materia;se agradece que la docente establezca una conexion con situaciones que se presentan en la vida cotidiana con la materia
6_1;1;1;3;Femenino. siempre se preocupa de resolver las dudas sin embargo es demasiado cuadrada;siempre se preocupa de resolver las dudas sin embargo es demasiado cuadrada
17_3;1;1;3;Femenino. profesora dedicada a su trabajo y a sus alumnos para entregar una buena base para la formacion de ellos;profesora dedicada a su trabajo y a sus alumnos para entregar una buena base para la formacion de ellos
32_1;1;1;3;Femenino. sabe muchisimo y esta dispuesta a ayudar y responder nuestras dudas;sabe muchisimo y esta dispuesta a ayudar y responder nuestras dudas
124_3;1;1;3;Femenino. docente con gran capacidad para adaptarse a los cambios. muy respetuosa comprensiva y paciente;docente con gran capacidad para adaptarse a los cambios. muy respetuosa comprensiva y paciente
74_3;1;1;3;Femenino. deberia escribir menos en los pawerpoint que utiliza hacer las clases mas didacticas;deberia escribir menos en los pawerpoint que utiliza hacer las clases mas didacticas
38_4;1;1;3;Femenino. es una profesora magnifica se nota que le gusta enseñar y es muy didactica;es una profesora magnifica se nota que le gusta enseñar y es muy didactica
75_3;1;1;3;Femenino. siempre muy atenta con todos y dedicada en las actividades para reunirnos y compartieramos. creaba momentos donde cada persona podia abrirse un poco mas;siempre muy atenta con todos y dedicada en las actividades para reunirnos y compartieramos. creaba momentos donde cada persona podia abrirse un poco mas
52_3;1;1;3;Femenino. es bastante dinamica para hacer las clases y preocupada por la asignatura;es bastante dinamica para hacer las clases y preocupada por la asignatura
38_6;1;1;3;Femenino. tiene gran motivacion para expresar el desarrrollo sustentable que necesita el pais y el mundo;tiene gran motivacion para expresar el desarrrollo sustentable que necesita el pais y el mundo
110_7;1;1;3;Femenino. le juega en contra la autoridad que quiere imponer sobre los estudiantes;le juega en contra la autoridad que quiere imponer sobre los estudiantes
62_4;1;1;3;Femenino. deberia mejorar su forme de expresarse y comunicarse con la comunidad educativa;deberia mejorar su forme de expresarse y comunicarse con la comunidad educativa
118_2;1;1;3;Femenino. siempre se dedico a que todos comprendieran lo que se debia hacer;siempre se dedico a que todos comprendieran lo que se debia hacer
70_4;1;1;3;Femenino. no entiendo como una docente con los desequilibrios que esta presenta;no entiendo como una docente con los desequilibrios que esta presenta
25_7;1;1;3;Femenino. muy interactiva busca lo mejor para las habilidades de cada estudiante;muy interactiva busca lo mejor para las habilidades de cada estudiante
99_3;1;1;3;Femenino. gran conocimiento sobre los contenidos pero deberia buscar nuevos metodos de aprendizaje;gran conocimiento sobre los contenidos pero deberia buscar nuevos metodos de aprendizaje
4_2;1;1;3;Femenino. profesora que motiva a sus alumnos a amar la carrera que estudiamos;profesora que motiva a sus alumnos a amar la carrera que estudiamos
124_8;1;1;3;Femenino. que respete la opinion de los estudiantes y sea tan llevada a sus ideas;que respete la opinion de los estudiantes y sea tan llevada a sus ideas
88_2;1;1;3;Femenino. la docente no se expresa de buena forma y las instrucciones son poco claras;la docente no se expresa de buena forma y las instrucciones son poco claras
12_8;1;1;3;Femenino. seria mejor si no escribiera en la pizarra y se apoyara solo en las diapositivas;seria mejor si no escribiera en la pizarra y se apoyara solo en las diapositivas
34_1;1;1;3;Femenino. realiza solo clases practicas para el desarrollo de una presentacion grupal y aun no entrega las notas;realiza solo clases practicas para el desarrollo de una presentacion grupal y aun no entrega las notas
104_3;1;1;3;Femenino. aunque sea la unica doctora de la facultad no la convierte en educada;aunque sea la unica doctora de la facultad no la convierte en educada
31_2;1;1;3;Femenino. muy respetuosa con los distintos puntos de vista de los alumnos en clases;muy respetuosa con los distintos puntos de vista de los alumnos en clases
124_1;1;1;3;Femenino. es una excelente profesora y con una unica disposicion para enseñar;es una excelente profesora y con una unica disposicion para enseñar
10_8;1;1;3;Femenino. excelente profesora me encanto que haya recibido el comentario que daba poco tiempo para el abp con mas tiempo se podia analizar mejor las preguntas;excelente profesora me encanto que haya recibido el comentario que daba poco tiempo para el abp con mas tiempo se podia analizar mejor las preguntas
131_3;1;1;3;Femenino. hace que participen todos en la clase ya que interactua en todo momento a traves de ejemplos y preguntas;hace que participen todos en la clase ya que interactua en todo momento a traves de ejemplos y preguntas
135_3;1;1;3;Femenino. encuentro que es una docente muy capacitada para ejecutar su profesion;encuentro que es una docente muy capacitada para ejecutar su profesion
122_7;1;1;3;Femenino. las clases fueron muy entretenidas y ademas con un grato ambiente de trabajo colaborativo y de apoyo para todos los compaÃ±eros;las clases fueron muy entretenidas y ademas con un grato ambiente de trabajo colaborativo y de apoyo para todos los compaÃ±eros
9_3;1;1;3;Femenino. la forma de evaluacion no fue la mas adecuada y no se mostraron los reales conocimientos aprendidos durante el semestre;la forma de evaluacion no fue la mas adecuada y no se mostraron los reales conocimientos aprendidos durante el semestre
92_2;1;1;3;Femenino. debe ser mas selectiva al momento de confrontar a algun alumno que esta conversando durante la clase sin interrumpirla y solo trata de compartir la materia con algun compañero;debe ser mas selectiva al momento de confrontar a algun alumno que esta conversando durante la clase sin interrumpirla y solo trata de compartir la materia con algun compañero
80_3;1;1;3;Femenino. buena disposicion cuando se realizan consultas respecto a informacion sobre proyecto de titulo;buena disposicion cuando se realizan consultas respecto a informacion sobre proyecto de titulo
54_1;1;1;3;Femenino. la docente crea ambiente para realizar consultas e intervenciones con confianza por parte de los estudiantes;la docente crea ambiente para realizar consultas e intervenciones con confianza por parte de los estudiantes
88_1;1;1;3;Femenino. docente se preocupa por promover un ambiente de participacion centrado en el aprendizaje;docente se preocupa por promover un ambiente de participacion centrado en el aprendizaje
99_8;1;1;3;Femenino. considero que su nivel de exigencia deberia ser mayor y aprovechar mas el contenido que se aborda en la asignatura;considero que su nivel de exigencia deberia ser mayor y aprovechar mas el contenido que se aborda en la asignatura
4_1;1;1;3;Femenino. falta de organizacion pide informes y no los revisa cambiar profesora para las otras generaciones;falta de organizacion pide informes y no los revisa cambiar profesora para las otras generaciones
81_2;1;1;3;Femenino. profesora comprometida con el alumnado y los contenidos a enseñar;profesora comprometida con el alumnado y los contenidos a enseñar
3_1;1;1;3;Femenino. excelente profesora. todas sus clases siempre fueron muy didacticas. siempre con un material de apoyo que hiciera mas grata y didactica la clase;excelente profesora. todas sus clases siempre fueron muy didacticas. siempre con un material de apoyo que hiciera mas grata y didactica la clase
18_4;1;1;2;Femenino. capacidad de conocimientos adecuados a la asignatura;capacidad de conocimientos adecuados a la asignatura
18_1;1;1;2;Femenino. siempre busco la forma de mantener la atencion de sus alumnos;siempre busco la forma de mantener la atencion de sus alumnos
116_3;1;1;2;Femenino. se sugiere que trate a todos los estudiantes por igual;se sugiere que trate a todos los estudiantes por igual
112_8;1;1;2;Femenino. profesora preocupada del aprendizaje de los alumnos;profesora preocupada del aprendizaje de los alumnos
54_6;1;1;2;Femenino. se sugiere mas compromiso con la asignatura;se sugiere mas compromiso con la asignatura
29_4;1;1;2;Femenino. no es mala profe pero explica como las weas;no es mala profe pero explica como las weas
50_8;1;1;2;Femenino. profesora que realiza su trabajo con vocacion;profesora que realiza su trabajo con vocacion
128_7;1;1;2;Femenino. muy conocedora y amable respondiendo dudas;muy conocedora y amable respondiendo dudas
73_4;1;1;2;Femenino. apoye a los que esten interesados en trabajar;apoye a los que esten interesados en trabajar
7_3;1;1;2;Femenino. sugiero que las notas las entregue a la fecha estimada;sugiero que las notas las entregue a la fecha estimada
41_8;1;1;2;Femenino. fue una muy buena guia para los talleres realizados;fue una muy buena guia para los talleres realizados
7_7;1;1;2;Femenino. docente comprometida y con muy buena disposicion;docente comprometida y con muy buena disposicion
134_1;1;1;2;Femenino. una profesora muy exigente que te ayuda a mejorar;una profesora muy exigente que te ayuda a mejorar
20_1;1;1;2;Femenino. profesora que promueve la conciencia en cada una de las alumnas;profesora que promueve la conciencia en cada una de las alumnas
97_7;1;1;2;Femenino. la profesora se interesa en el aprendizaje de los alumnos;la profesora se interesa en el aprendizaje de los alumnos
13_8;1;1;2;Femenino. cuando anda de buena explica super bien y todo pero cuando no;cuando anda de buena explica super bien y todo pero cuando no
68_8;1;1;2;Femenino. preocupada con el aprendizaje y muy organizada;preocupada con el aprendizaje y muy organizada
77_3;1;1;2;Femenino. es una buenisima profesora pero se tiene que dar a respetar mas;es una buenisima profesora pero se tiene que dar a respetar mas
7_8;1;1;2;Femenino. una profesora simpatica que te hace tener ganas de aprender;una profesora simpatica que te hace tener ganas de aprender
131_7;1;1;2;Femenino. muy buena profesora con gran manejo de contenido y muy amable;muy buena profesora con gran manejo de contenido y muy amable
23_3;1;1;2;Femenino. profesora dedicada que realiza clases didacticas;profesora dedicada que realiza clases didacticas
117_3;1;1;2;Femenino. sugerencia: mantener las notas al dia en cualquier plataforma;sugerencia: mantener las notas al dia en cualquier plataforma
26_2;1;1;2;Femenino. cada año mejor en su forma de enseñar a los estudiantes;cada año mejor en su forma de enseñar a los estudiantes
24_3;1;1;2;Femenino. docente de una gran calidad humana y profesional;docente de una gran calidad humana y profesional
28_8;1;1;2;Femenino. menos diapositivas mas comentarios en la clase;menos diapositivas mas comentarios en la clase
52_6;1;1;2;Femenino. podria entregar mas a tiempo las calificaciones;podria entregar mas a tiempo las calificaciones
104_2;1;1;2;Femenino. siempre disponible y dispuesta a ayudar con tramites de practica;siempre disponible y dispuesta a ayudar con tramites de practica
62_8;1;1;2;Femenino. que la informacion entregada en ppt sea mas ordenada y completa;que la informacion entregada en ppt sea mas ordenada y completa
34_6;1;1;2;Femenino. muy buena disposicion y atencion hacia sus alumnos;muy buena disposicion y atencion hacia sus alumnos
67_3;1;1;2;Femenino. no tuve clases donde la profesora impartiera contenidos;no tuve clases donde la profesora impartiera contenidos
50_1;1;1;2;Femenino. no muestra mucha dedicacion hacia su profesion;no muestra mucha dedicacion hacia su profesion
49_7;1;1;2;Femenino. proporciona un ambiente de confianza y respeto en clase;proporciona un ambiente de confianza y respeto en clase
54_2;1;1;2;Femenino. profesora siempre dispuesta a brindar apoyo y resolver dudas;profesora siempre dispuesta a brindar apoyo y resolver dudas
148_3;1;1;2;Femenino. profesora con los conocimientos apropiados;profesora con los conocimientos apropiados
146_3;1;1;2;Femenino. clase didactica y que llama la atencion del alumno;clase didactica y que llama la atencion del alumno
55_8;1;1;2;Femenino. docente muy respetuosa con horarios de llegada;docente muy respetuosa con horarios de llegada
72_7;1;1;2;Femenino. es una profesora muy dedicada en lo que enseÃ±a a sus alumnos;es una profesora muy dedicada en lo que enseÃ±a a sus alumnos
133_2;1;1;2;Femenino. maneje bien sus tiempos y que siga una pauta;maneje bien sus tiempos y que siga una pauta
146_8;1;1;2;Femenino. las formas de evaluacion deben ser mas elaboradas;las formas de evaluacion deben ser mas elaboradas
13_3;1;1;2;Femenino. siga con el gran trato que tiene con sus alumnos;siga con el gran trato que tiene con sus alumnos
108_3;1;1;2;Femenino. profesora empatica con la situacion de cada estudiante;profesora empatica con la situacion de cada estudiante
63_1;1;1;2;Femenino. genera confianza y respeto entre los alumnos;genera confianza y respeto entre los alumnos
85_1;1;1;2;Femenino. buena profesora que tiene paciencia y compresion con los alumnos;buena profesora que tiene paciencia y compresion con los alumnos
107_8;1;1;2;Femenino. necesita aprender nuevas formas de enseÃ±ar la materia;necesita aprender nuevas formas de enseÃ±ar la materia
114_3;1;1;1;Femenino. debe omitir dar juicios de valor;debe omitir dar juicios de valor
35_1;1;1;1;Femenino. mas comprension y dedicacion;mas comprension y dedicacion
118_8;1;1;1;Femenino. tenia todas las intenciones de enseÃ±ar;tenia todas las intenciones de enseÃ±ar
139_3;1;1;1;Femenino. buena docente con conocimientos claros;buena docente con conocimientos claros
121_3;1;1;1;Femenino. muy buena docente empatica y comprensiva;muy buena docente empatica y comprensiva
137_7;1;1;1;Femenino. es demasiado estricta a veces;es demasiado estricta a veces
65_4;1;1;1;Femenino. aprenda a admitir sus errores;aprenda a admitir sus errores
123_4;1;1;1;Femenino. la clase es muy aburrida;la clase es muy aburrida
75_7;1;1;1;Femenino. mucha comprension para el estudiante;mucha comprension para el estudiante
134_2;1;1;1;Femenino. muy comprensiva y considerada;muy comprensiva y considerada
129_1;1;1;1;Femenino. excelente disposicion para aclarar dudas;excelente disposicion para aclarar dudas
81_1;1;1;1;Femenino. profesora que se expresa de manera clara;profesora que se expresa de manera clara
149_2;1;1;1;Femenino. preocupada por sus practicantes;preocupada por sus practicantes
33_8;1;1;1;Femenino. la profesora se estresa facilmente;la profesora se estresa facilmente
106_4;1;1;1;Femenino. buena profe aunque algo desordenada;buena profe aunque algo desordenada
28_6;1;1;1;Femenino. excelente relacion con los alumnos;excelente relacion con los alumnos
44_3;1;1;1;Femenino. avanzar mas rapido con las clases;avanzar mas rapido con las clases
46_6;1;1;1;Femenino. profesora comprensiva y clara;profesora comprensiva y clara
132_4;1;1;1;Femenino. sus clases son desorganizadas;sus clases son desorganizadas
82_4;1;1;1;Femenino. que siga mejorando siempre;que siga mejorando siempre
72_3;1;1;1;Femenino. trae distintas dinamicas;trae distintas dinamicas
17_2;1;1;1;Femenino. mas dinamismo en las clases;mas dinamismo en las clases
8_3;1;1;1;Femenino. presenta buen dominio de los temas;presenta buen dominio de los temas
4_7;1;1;1;Femenino. accesible a conversar con estudiantes;accesible a conversar con estudiantes
79_3;1;1;1;Femenino. adecuar idioma y enseñanza;adecuar idioma y enseñanza
115_2;1;1;1;Femenino. muy amorosa y buena profesora;muy amorosa y buena profesora
20_8;1;1;1;Femenino. buena profesora y muy simpatica;buena profesora y muy simpatica
22_4;1;1;1;Femenino. se nota que disfruta lo que hace;se nota que disfruta lo que hace
36_3;1;1;1;Femenino. sus clases deberian ser mas didacticas;sus clases deberian ser mas didacticas
92_1;1;1;1;Femenino. dedicada a sus estudiantes;dedicada a sus estudiantes
94_4;1;1;1;Femenino. gestior mejor las salas de clases;gestior mejor las salas de clases
30_2;1;1;1;Femenino. promueve el respeto y la realidad actual;promueve el respeto y la realidad actual
103_3;1;1;1;Femenino. mayor desplante y mas comentarios;mayor desplante y mas comentarios
91_3;1;1;1;Femenino. seguir con las clases teoricas;seguir con las clases teoricas
19_8;1;1;1;Femenino. poca empatia con los alumnos;poca empatia con los alumnos
139_8;1;1;1;Femenino. muy buena disposicion a ayudar a alumnos;muy buena disposicion a ayudar a alumnos
130_2;1;1;1;Femenino. gracias por su dedicacion;gracias por su dedicacion
140_2;1;1;1;Femenino. muy bonita profe excelente;muy bonita profe excelente
66_3;1;1;1;Femenino. mejora al trato de sus alumnos;mejora al trato de sus alumnos
104_1;1;1;1;Femenino. enseña de forma clara y didactica;enseña de forma clara y didactica
110_1;1;1;1;Femenino. no fue mi profe pero se ve buena profe;no fue mi profe pero se ve buena profe
66_8;1;1;1;Femenino. muy buena motivacion y disposicion;muy buena motivacion y disposicion
29_1;1;1;1;Femenino. me encanto su ramo profe amor;me encanto su ramo profe amor
78_2;1;1;1;Femenino. tiene mucha paciencia para enseñar;tiene mucha paciencia para enseñar
5_1;1;1;1;Femenino. docente poco cercana con los alumnos;docente poco cercana con los alumnos
110_3;1;1;0;Femenino. que no se enrede tanto;que no se enrede tanto
62_2;1;1;0;Femenino. le falta mas motivacion;le falta mas motivacion
20_6;1;1;0;Femenino. profesora competente;profesora competente
67_1;1;1;0;Femenino. no tan ruda;no tan ruda
90_8;1;1;0;Femenino. creativa;creativa
140_1;1;1;0;Femenino. clases fabulosas;clases fabulosas
39_6;1;1;0;Femenino. profesora incompetente;profesora incompetente
28_7;1;1;0;Femenino. un sol;un sol
76_1;1;1;0;Femenino. no didactica;no didactica
58_1;1;1;0;Femenino. concisa y eficaz;concisa y eficaz
72_8;1;1;0;Femenino. super tierna;super tierna
114_1;1;1;0;Femenino. excelente pedagoga;excelente pedagoga
26_6;1;1;0;Femenino. muy buena docenta;muy buena docenta
61_2;1;1;0;Femenino. dedicada a su profesion;dedicada a su profesion
115_1;1;1;0;Femenino. olvidadiza;olvidadiza
93_8;1;1;0;Femenino. extraÃ±a;extraÃ±a
42_1;1;1;0;Femenino. mas empatia;mas empatia
71_3;1;1;0;Femenino. no motiva;no motiva
13_1;1;1;0;Femenino. excelente porfesora;excelente porfesora
61_3;1;1;0;Femenino. profesionalismo;profesionalismo
130_8;1;1;0;Femenino. haga mejor sus clases;haga mejor sus clases
101_8;1;1;0;Femenino. wena onda amor;wena onda amor
